entity_id,province,province_code,admin_level,city,entity_name_full,entity_name_short,list_caliber,list_caliber_label,source_institution,source_url,source_page_type,extraction_date,list_publish_date,sector,includes_financial,completeness,confidence,uev_level,needs_manual_review,notes
E-BJ-0001,北京,BJ,L1,,中关村发展集团股份有限公司,中关村发展,supervised,省国资委监管企业,北京国资委,http://gzw.beijing.gov.cn,LIST-A,2026-04-04,,科技,FALSE,full_list,0.92,1,FALSE,从官网监管企业名录三页提取
E-BJ-0002,北京,BJ,L1,,中国北京同仁堂（集团）有限责任公司,同仁堂集团,supervised,省国资委监管企业,北京国资委,http://gzw.beijing.gov.cn,LIST-A,2026-04-04,,医药,FALSE,full_list,0.92,1,FALSE,从官网监管企业名录三页提取
E-BJ-0003,北京,BJ,L1,,北京一轻控股有限责任公司,一轻控股,supervised,省国资委监管企业,北京国资委,http://gzw.beijing.gov.cn,LIST-A,2026-04-04,,轻工,FALSE,full_list,0.92,1,FALSE,从官网监管企业名录三页提取
E-BJ-0004,北京,BJ,L1,,北京京城机电控股有限责任公司,京城机电,supervised,省国资委监管企业,北京国资委,http://gzw.beijing.gov.cn,LIST-A,2026-04-04,,机械,FALSE,full_list,0.92,1,FALSE,从官网监管企业名录三页提取
E-BJ-0005,北京,BJ,L1,,北京保障房中心有限公司,保障房中心,supervised,省国资委监管企业,北京国资委,http://gzw.beijing.gov.cn,LIST-A,2026-04-04,,房地产,FALSE,full_list,0.92,1,FALSE,从官网监管企业名录三页提取
E-BJ-0006,北京,BJ,L1,,北京公共交通控股（集团）有限公司,公交集团,supervised,省国资委监管企业,北京国资委,http://gzw.beijing.gov.cn,LIST-A,2026-04-04,,交通,FALSE,full_list,0.92,1,FALSE,从官网监管企业名录三页提取
E-BJ-0007,北京,BJ,L1,,北京农村商业银行股份有限公司,农商银行,supervised,省国资委监管企业,北京国资委,http://gzw.beijing.gov.cn,LIST-A,2026-04-04,,金融,TRUE,full_list,0.92,1,FALSE,从官网监管企业名录三页提取
E-BJ-0008,北京,BJ,L1,,北京化学工业集团有限责任公司,化工集团,supervised,省国资委监管企业,北京国资委,http://gzw.beijing.gov.cn,LIST-A,2026-04-04,,化工,FALSE,full_list,0.92,1,FALSE,从官网监管企业名录三页提取
E-BJ-0009,北京,BJ,L1,,北京北辰实业集团有限责任公司,北辰实业,supervised,省国资委监管企业,北京国资委,http://gzw.beijing.gov.cn,LIST-A,2026-04-04,,房地产,FALSE,full_list,0.92,1,FALSE,从官网监管企业名录三页提取
E-BJ-0010,北京,BJ,L1,,北京国有资本运营管理有限公司,国资运营,supervised,省国资委监管企业,北京国资委,http://gzw.beijing.gov.cn,LIST-A,2026-04-04,,投资,FALSE,full_list,0.92,1,FALSE,从官网监管企业名录三页提取
E-BJ-0011,北京,BJ,L1,,北京城市副中心投资建设集团有限公司,副中心投资,supervised,省国资委监管企业,北京国资委,http://gzw.beijing.gov.cn,LIST-A,2026-04-04,,投资,FALSE,full_list,0.92,1,FALSE,从官网监管企业名录三页提取
E-BJ-0012,北京,BJ,L1,,北京城市排水集团有限责任公司,排水集团,supervised,省国资委监管企业,北京国资委,http://gzw.beijing.gov.cn,LIST-A,2026-04-04,,公用事业,FALSE,full_list,0.92,1,FALSE,从官网监管企业名录三页提取
E-BJ-0013,北京,BJ,L1,,北京城建集团有限责任公司,城建集团,supervised,省国资委监管企业,北京国资委,http://gzw.beijing.gov.cn,LIST-A,2026-04-04,,建筑,FALSE,full_list,0.92,1,FALSE,从官网监管企业名录三页提取
E-BJ-0014,北京,BJ,L1,,北京市供销合作总社,供销合作社,supervised,省国资委监管企业,北京国资委,http://gzw.beijing.gov.cn,LIST-A,2026-04-04,,商贸,FALSE,full_list,0.92,1,FALSE,从官网监管企业名录三页提取
E-BJ-0015,北京,BJ,L1,,北京市国有资产经营有限责任公司,国资经营,supervised,省国资委监管企业,北京国资委,http://gzw.beijing.gov.cn,LIST-A,2026-04-04,,投资,FALSE,full_list,0.92,1,FALSE,从官网监管企业名录三页提取
E-BJ-0016,北京,BJ,L1,,北京市地铁运营有限公司,地铁运营,supervised,省国资委监管企业,北京国资委,http://gzw.beijing.gov.cn,LIST-A,2026-04-04,,交通,FALSE,full_list,0.92,1,FALSE,从官网监管企业名录三页提取
E-BJ-0017,北京,BJ,L1,,北京市基础设施投资有限公司,基础设施投资,supervised,省国资委监管企业,北京国资委,http://gzw.beijing.gov.cn,LIST-A,2026-04-04,,投资,FALSE,full_list,0.92,1,FALSE,从官网监管企业名录三页提取
E-BJ-0018,北京,BJ,L1,,北京市建筑设计研究院有限公司,北京建院,supervised,省国资委监管企业,北京国资委,http://gzw.beijing.gov.cn,LIST-A,2026-04-04,,建筑,FALSE,full_list,0.92,1,FALSE,从官网监管企业名录三页提取
E-BJ-0019,北京,BJ,L1,,北京市自来水集团有限责任公司,自来水集团,supervised,省国资委监管企业,北京国资委,http://gzw.beijing.gov.cn,LIST-A,2026-04-04,,公用事业,FALSE,full_list,0.92,1,FALSE,从官网监管企业名录三页提取
E-BJ-0020,北京,BJ,L1,,北京市首都公路发展集团有限公司,首发集团,supervised,省国资委监管企业,北京国资委,http://gzw.beijing.gov.cn,LIST-A,2026-04-04,,交通,FALSE,full_list,0.92,1,FALSE,从官网监管企业名录三页提取
E-BJ-0021,北京,BJ,L1,,北京建工集团有限责任公司,建工集团,supervised,省国资委监管企业,北京国资委,http://gzw.beijing.gov.cn,LIST-A,2026-04-04,,建筑,FALSE,full_list,0.92,1,FALSE,从官网监管企业名录三页提取
E-BJ-0022,北京,BJ,L1,,北京控股集团有限公司,北控集团,supervised,省国资委监管企业,北京国资委,http://gzw.beijing.gov.cn,LIST-A,2026-04-04,,综合,FALSE,full_list,0.92,1,FALSE,从官网监管企业名录三页提取
E-BJ-0023,北京,BJ,L1,,北京时尚控股有限责任公司,时尚控股,supervised,省国资委监管企业,北京国资委,http://gzw.beijing.gov.cn,LIST-A,2026-04-04,,轻工,FALSE,full_list,0.92,1,FALSE,从官网监管企业名录三页提取
E-BJ-0024,北京,BJ,L1,,北京水务投资集团有限公司,水务投资,supervised,省国资委监管企业,北京国资委,http://gzw.beijing.gov.cn,LIST-A,2026-04-04,,公用事业,FALSE,full_list,0.92,1,FALSE,从官网监管企业名录三页提取
E-BJ-0025,北京,BJ,L1,,北京汽车集团有限公司,北汽集团,supervised,省国资委监管企业,北京国资委,http://gzw.beijing.gov.cn,LIST-A,2026-04-04,,汽车,FALSE,full_list,0.92,1,FALSE,从官网监管企业名录三页提取
E-BJ-0026,北京,BJ,L1,,北京环境卫生工程集团有限公司,环卫集团,supervised,省国资委监管企业,北京国资委,http://gzw.beijing.gov.cn,LIST-A,2026-04-04,,环保,FALSE,full_list,0.92,1,FALSE,从官网监管企业名录三页提取
E-BJ-0027,北京,BJ,L1,,北京电子控股有限责任公司,电子控股,supervised,省国资委监管企业,北京国资委,http://gzw.beijing.gov.cn,LIST-A,2026-04-04,,电子,FALSE,full_list,0.92,1,FALSE,从官网监管企业名录三页提取
E-BJ-0028,北京,BJ,L1,,北京祥龙资产经营有限责任公司,祥龙资产,supervised,省国资委监管企业,北京国资委,http://gzw.beijing.gov.cn,LIST-A,2026-04-04,,综合,FALSE,full_list,0.92,1,FALSE,从官网监管企业名录三页提取
E-BJ-0029,北京,BJ,L1,,北京能源集团有限责任公司,能源集团,supervised,省国资委监管企业,北京国资委,http://gzw.beijing.gov.cn,LIST-A,2026-04-04,,能源,FALSE,full_list,0.92,1,FALSE,从官网监管企业名录三页提取
E-BJ-0030,北京,BJ,L1,,北京航空有限责任公司,北京航空,supervised,省国资委监管企业,北京国资委,http://gzw.beijing.gov.cn,LIST-A,2026-04-04,,交通,FALSE,full_list,0.92,1,FALSE,从官网监管企业名录三页提取
E-BJ-0031,北京,BJ,L1,,北京金融控股集团有限公司,金控集团,supervised,省国资委监管企业,北京国资委,http://gzw.beijing.gov.cn,LIST-A,2026-04-04,,金融,TRUE,full_list,0.92,1,FALSE,从官网监管企业名录三页提取
E-BJ-0032,北京,BJ,L1,,北京金隅集团股份有限公司,金隅集团,supervised,省国资委监管企业,北京国资委,http://gzw.beijing.gov.cn,LIST-A,2026-04-04,,建材,FALSE,full_list,0.92,1,FALSE,从官网监管企业名录三页提取
E-BJ-0033,北京,BJ,L1,,北京银行股份有限公司,北京银行,supervised,省国资委监管企业,北京国资委,http://gzw.beijing.gov.cn,LIST-A,2026-04-04,,金融,TRUE,full_list,0.92,1,FALSE,从官网监管企业名录三页提取
E-BJ-0034,北京,BJ,L1,,北京首农食品集团有限公司,首农集团,supervised,省国资委监管企业,北京国资委,http://gzw.beijing.gov.cn,LIST-A,2026-04-04,,农业,FALSE,full_list,0.92,1,FALSE,从官网监管企业名录三页提取
E-BJ-0035,北京,BJ,L1,,北京首都创业集团有限公司,首创集团,supervised,省国资委监管企业,北京国资委,http://gzw.beijing.gov.cn,LIST-A,2026-04-04,,环保,FALSE,full_list,0.92,1,FALSE,从官网监管企业名录三页提取
E-BJ-0036,北京,BJ,L1,,北京首都开发控股（集团）有限公司,首开集团,supervised,省国资委监管企业,北京国资委,http://gzw.beijing.gov.cn,LIST-A,2026-04-04,,房地产,FALSE,full_list,0.92,1,FALSE,从官网监管企业名录三页提取
E-BJ-0037,北京,BJ,L1,,北京首都旅游集团有限责任公司,首旅集团,supervised,省国资委监管企业,北京国资委,http://gzw.beijing.gov.cn,LIST-A,2026-04-04,,旅游,FALSE,full_list,0.92,1,FALSE,从官网监管企业名录三页提取
E-BJ-0038,北京,BJ,L1,,华夏银行股份有限公司,华夏银行,supervised,省国资委监管企业,北京国资委,http://gzw.beijing.gov.cn,LIST-A,2026-04-04,,金融,TRUE,full_list,0.92,1,FALSE,从官网监管企业名录三页提取
E-BJ-0039,北京,BJ,L1,,永定河流域投资有限公司,永定河投资,supervised,省国资委监管企业,北京国资委,http://gzw.beijing.gov.cn,LIST-A,2026-04-04,,环保,FALSE,full_list,0.92,1,FALSE,从官网监管企业名录三页提取
E-BJ-0040,北京,BJ,L1,,首都实业投资有限公司,首都实业,supervised,省国资委监管企业,北京国资委,http://gzw.beijing.gov.cn,LIST-A,2026-04-04,,投资,FALSE,full_list,0.92,1,FALSE,从官网监管企业名录三页提取
E-BJ-0041,北京,BJ,L1,,首都文化科技集团有限公司,首都文科,supervised,省国资委监管企业,北京国资委,http://gzw.beijing.gov.cn,LIST-A,2026-04-04,,文化,FALSE,full_list,0.92,1,FALSE,从官网监管企业名录三页提取
E-BJ-0042,北京,BJ,L1,,首钢集团有限公司,首钢集团,supervised,省国资委监管企业,北京国资委,http://gzw.beijing.gov.cn,LIST-A,2026-04-04,,冶金,FALSE,full_list,0.92,1,FALSE,从官网监管企业名录三页提取
E-TJ-0001,天津,TJ,L1,,北方国际信托股份有限公司,北方信托,supervised,天津市国资委市管国企,天津国资委,http://sasac.tj.gov.cn,LIST-A,2026-04-04,,金融,TRUE,full_list,0.95,1,FALSE,官方市管国企名录+委管企业名录
E-TJ-0002,天津,TJ,L1,,北方国际集团有限公司,北方国际集团,supervised,天津市国资委市管国企,天津国资委,http://sasac.tj.gov.cn,LIST-A,2026-04-04,,商贸,FALSE,full_list,0.95,1,FALSE,官方市管国企名录+委管企业名录
E-TJ-0003,天津,TJ,L1,,天津农村商业银行股份有限公司,天津农商行,supervised,天津市国资委市管国企,天津国资委,http://sasac.tj.gov.cn,LIST-A,2026-04-04,,金融,TRUE,full_list,0.95,1,FALSE,官方市管国企名录+委管企业名录
E-TJ-0004,天津,TJ,L1,,天津利和进出口集团有限公司,利和进出口集团,supervised,天津市国资委市管国企,天津国资委,http://sasac.tj.gov.cn,LIST-A,2026-04-04,,商贸,FALSE,full_list,0.95,1,FALSE,官方市管国企名录+委管企业名录
E-TJ-0005,天津,TJ,L1,,天津劝业华联集团有限公司,劝业华联集团,supervised,天津市国资委市管国企,天津国资委,http://sasac.tj.gov.cn,LIST-A,2026-04-04,,商贸,FALSE,full_list,0.95,1,FALSE,官方市管国企名录+委管企业名录
E-TJ-0006,天津,TJ,L1,,天津国兴资本运营有限公司,国兴资本,supervised,天津市国资委市管国企,天津国资委,http://sasac.tj.gov.cn,LIST-A,2026-04-04,,投资,FALSE,full_list,0.95,1,FALSE,官方市管国企名录+委管企业名录
E-TJ-0007,天津,TJ,L1,,天津国有资本投资运营有限公司,国有资本投资运营,supervised,天津市国资委市管国企,天津国资委,http://sasac.tj.gov.cn,LIST-A,2026-04-04,,投资,FALSE,full_list,0.95,1,FALSE,官方市管国企名录+委管企业名录
E-TJ-0008,天津,TJ,L1,,天津城市基础设施建设投资集团有限公司,城投集团,supervised,天津市国资委市管国企,天津国资委,http://sasac.tj.gov.cn,LIST-A,2026-04-04,,投资,FALSE,full_list,0.95,1,FALSE,官方市管国企名录+委管企业名录
E-TJ-0009,天津,TJ,L1,,天津城建集团控股有限公司,城建集团控股,supervised,天津市国资委市管国企,天津国资委,http://sasac.tj.gov.cn,LIST-A,2026-04-04,,建筑,FALSE,full_list,0.95,1,FALSE,官方市管国企名录+委管企业名录
E-TJ-0010,天津,TJ,L1,,天津市交通（集团）有限公司,交通集团,supervised,天津市国资委市管国企,天津国资委,http://sasac.tj.gov.cn,LIST-A,2026-04-04,,交通,FALSE,full_list,0.95,1,FALSE,官方市管国企名录+委管企业名录
E-TJ-0011,天津,TJ,L1,,天津市公共交通集团（控股）有限公司,公交集团,supervised,天津市国资委市管国企,天津国资委,http://sasac.tj.gov.cn,LIST-A,2026-04-04,,交通,FALSE,full_list,0.95,1,FALSE,官方市管国企名录+委管企业名录
E-TJ-0012,天津,TJ,L1,,天津市政建设集团有限公司,市政建设集团,supervised,天津市国资委市管国企,天津国资委,http://sasac.tj.gov.cn,LIST-A,2026-04-04,,建筑,FALSE,full_list,0.95,1,FALSE,官方市管国企名录+委管企业名录
E-TJ-0013,天津,TJ,L1,,天津市旅游（控股）集团有限公司,旅游集团,supervised,天津市国资委市管国企,天津国资委,http://sasac.tj.gov.cn,LIST-A,2026-04-04,,旅游,FALSE,full_list,0.95,1,FALSE,官方市管国企名录+委管企业名录
E-TJ-0014,天津,TJ,L1,,天津房地产集团有限公司,房地产集团,supervised,天津市国资委市管国企,天津国资委,http://sasac.tj.gov.cn,LIST-A,2026-04-04,,房地产,FALSE,full_list,0.95,1,FALSE,官方市管国企名录+委管企业名录
E-TJ-0015,天津,TJ,L1,,天津水务集团有限公司,水务集团,supervised,天津市国资委市管国企,天津国资委,http://sasac.tj.gov.cn,LIST-A,2026-04-04,,公用事业,FALSE,full_list,0.95,1,FALSE,官方市管国企名录+委管企业名录
E-TJ-0016,天津,TJ,L1,,天津泰达投资控股有限公司,泰达控股,supervised,天津市国资委市管国企,天津国资委,http://sasac.tj.gov.cn,LIST-A,2026-04-04,,投资,FALSE,full_list,0.95,1,FALSE,官方市管国企名录+委管企业名录
E-TJ-0017,天津,TJ,L1,,天津津融投资服务集团有限公司,津融服务集团,supervised,天津市国资委市管国企,天津国资委,http://sasac.tj.gov.cn,LIST-A,2026-04-04,,金融,TRUE,full_list,0.95,1,FALSE,官方市管国企名录+委管企业名录
E-TJ-0018,天津,TJ,L1,,天津渤海化工集团有限责任公司,渤海化工集团,supervised,天津市国资委市管国企,天津国资委,http://sasac.tj.gov.cn,LIST-A,2026-04-04,,化工,FALSE,full_list,0.95,1,FALSE,官方市管国企名录+委管企业名录
E-TJ-0019,天津,TJ,L1,,天津渤海轻工投资集团有限公司,渤海轻工集团,supervised,天津市国资委市管国企,天津国资委,http://sasac.tj.gov.cn,LIST-A,2026-04-04,,轻工,FALSE,full_list,0.95,1,FALSE,官方市管国企名录+委管企业名录
E-TJ-0020,天津,TJ,L1,,天津港（集团）有限公司,天津港集团,supervised,天津市国资委市管国企,天津国资委,http://sasac.tj.gov.cn,LIST-A,2026-04-04,,交通,FALSE,full_list,0.95,1,FALSE,官方市管国企名录+委管企业名录
E-TJ-0021,天津,TJ,L1,,天津滨海农村商业银行股份有限公司,滨海农商行,supervised,天津市国资委市管国企,天津国资委,http://sasac.tj.gov.cn,LIST-A,2026-04-04,,金融,TRUE,full_list,0.95,1,FALSE,官方市管国企名录+委管企业名录
E-TJ-0022,天津,TJ,L1,,天津百利机械装备集团有限公司,百利装备集团,supervised,天津市国资委市管国企,天津国资委,http://sasac.tj.gov.cn,LIST-A,2026-04-04,,制造,FALSE,full_list,0.95,1,FALSE,官方市管国企名录+委管企业名录
E-TJ-0023,天津,TJ,L1,,天津纺织集团（控股）有限公司,纺织集团,supervised,天津市国资委市管国企,天津国资委,http://sasac.tj.gov.cn,LIST-A,2026-04-04,,轻工,FALSE,full_list,0.95,1,FALSE,官方市管国企名录+委管企业名录
E-TJ-0024,天津,TJ,L1,,天津能源投资集团有限公司,能源投资集团,supervised,天津市国资委市管国企,天津国资委,http://sasac.tj.gov.cn,LIST-A,2026-04-04,,能源,FALSE,full_list,0.95,1,FALSE,官方市管国企名录+委管企业名录
E-TJ-0025,天津,TJ,L1,,天津轨道交通集团有限公司,轨道交通集团,supervised,天津市国资委市管国企,天津国资委,http://sasac.tj.gov.cn,LIST-A,2026-04-04,,交通,FALSE,full_list,0.95,1,FALSE,官方市管国企名录+委管企业名录
E-TJ-0026,天津,TJ,L1,,天津银行股份有限公司,天津银行,supervised,天津市国资委市管国企,天津国资委,http://sasac.tj.gov.cn,LIST-A,2026-04-04,,金融,TRUE,full_list,0.95,1,FALSE,官方市管国企名录+委管企业名录
E-TJ-0027,天津,TJ,L1,,天津食品集团有限公司,食品集团,supervised,天津市国资委市管国企,天津国资委,http://sasac.tj.gov.cn,LIST-A,2026-04-04,,食品,FALSE,full_list,0.95,1,FALSE,官方市管国企名录+委管企业名录
E-TJ-0028,天津,TJ,L1,,渤海证券股份有限公司,渤海证券,supervised,天津市国资委市管国企,天津国资委,http://sasac.tj.gov.cn,LIST-A,2026-04-04,,金融,TRUE,full_list,0.95,1,FALSE,官方市管国企名录+委管企业名录
E-TJ-0029,天津,TJ,L1,,渤海银行股份有限公司,渤海银行,supervised,天津市国资委市管国企,天津国资委,http://sasac.tj.gov.cn,LIST-A,2026-04-04,,金融,TRUE,full_list,0.95,1,FALSE,官方市管国企名录+委管企业名录
E-HE-0001,河北,HE,L1,,冀中能源集团有限责任公司,冀中能源,identifiable,公开可识别省属企业(从新闻识别),河北国资委,http://hbsa.hebei.gov.cn,NEWS,2026-04-04,,矿业,FALSE,partial_identified,0.5,3,TRUE,企业名录页JS渲染 仅从新闻识别
E-HE-0002,河北,HE,L1,,唐山三友集团有限公司,三友集团,identifiable,公开可识别省属企业(从新闻识别),河北国资委,http://hbsa.hebei.gov.cn,NEWS,2026-04-04,,化工,FALSE,partial_identified,0.5,3,TRUE,企业名录页JS渲染 仅从新闻识别
E-HE-0003,河北,HE,L1,,开滦（集团）有限责任公司,开滦集团,identifiable,公开可识别省属企业(从新闻识别),河北国资委,http://hbsa.hebei.gov.cn,NEWS,2026-04-04,,矿业,FALSE,partial_identified,0.5,3,TRUE,企业名录页JS渲染 仅从新闻识别
E-HE-0004,河北,HE,L1,,河北建工集团有限责任公司,河北建工集团,identifiable,公开可识别省属企业(从新闻识别),河北国资委,http://hbsa.hebei.gov.cn,NEWS,2026-04-04,,建筑,FALSE,partial_identified,0.5,3,TRUE,企业名录页JS渲染 仅从新闻识别
E-SX-0001,山西,SX,L1,,华新燃气集团有限公司,华新燃气,supervised,省国资委监管企业,山西国资委,http://gzw.shanxi.gov.cn,LIST-F,2026-04-04,,能源,FALSE,partial_identified,0.7,2,TRUE,从监管企业名录页提取，页面可能截断，实际企业数更多
E-SX-0002,山西,SX,L1,,华阳新材料科技集团有限公司,华阳新材料,supervised,省国资委监管企业,山西国资委,http://gzw.shanxi.gov.cn,LIST-F,2026-04-04,,化工,FALSE,partial_identified,0.7,2,TRUE,从监管企业名录页提取，页面可能截断，实际企业数更多
E-SX-0003,山西,SX,L1,,山西焦煤集团有限责任公司,山西焦煤,supervised,省国资委监管企业,山西国资委,http://gzw.shanxi.gov.cn,LIST-F,2026-04-04,,能源,FALSE,partial_identified,0.7,2,TRUE,从监管企业名录页提取，页面可能截断，实际企业数更多
E-SX-0004,山西,SX,L1,,晋能控股集团有限公司,晋能控股,supervised,省国资委监管企业,山西国资委,http://gzw.shanxi.gov.cn,LIST-F,2026-04-04,,能源,FALSE,partial_identified,0.7,2,TRUE,从监管企业名录页提取，页面可能截断，实际企业数更多
E-SX-0005,山西,SX,L1,,潞安化工集团有限公司,潞安化工,supervised,省国资委监管企业,山西国资委,http://gzw.shanxi.gov.cn,LIST-F,2026-04-04,,化工,FALSE,partial_identified,0.7,2,TRUE,从监管企业名录页提取，页面可能截断，实际企业数更多
E-NM-0001,内蒙古,NM,L1,,内蒙古交通投资（集团）有限责任公司,交投集团,supervised,省国资委监管企业,内蒙古国资委,http://gzw.nmg.gov.cn,LIST-A,2026-04-04,,交通,FALSE,full_list,0.9,1,FALSE,从企业信息公开页提取
E-NM-0002,内蒙古,NM,L1,,内蒙古交通集团有限公司,交通集团,supervised,省国资委监管企业,内蒙古国资委,http://gzw.nmg.gov.cn,LIST-A,2026-04-04,,交通,FALSE,full_list,0.9,1,FALSE,从企业信息公开页提取
E-NM-0003,内蒙古,NM,L1,,内蒙古国有资本运营有限公司,国资运营,supervised,省国资委监管企业,内蒙古国资委,http://gzw.nmg.gov.cn,LIST-A,2026-04-04,,投资,FALSE,full_list,0.9,1,FALSE,从企业信息公开页提取
E-NM-0004,内蒙古,NM,L1,,内蒙古国贸集团有限公司,国贸集团,supervised,省国资委监管企业,内蒙古国资委,http://gzw.nmg.gov.cn,LIST-A,2026-04-04,,商贸,FALSE,full_list,0.9,1,FALSE,从企业信息公开页提取
E-NM-0005,内蒙古,NM,L1,,内蒙古地质矿产集团有限公司,地矿集团,supervised,省国资委监管企业,内蒙古国资委,http://gzw.nmg.gov.cn,LIST-A,2026-04-04,,矿业,FALSE,full_list,0.9,1,FALSE,从企业信息公开页提取
E-NM-0006,内蒙古,NM,L1,,内蒙古威信保安押运服务有限责任公司,威信保安,supervised,省国资委监管企业,内蒙古国资委,http://gzw.nmg.gov.cn,LIST-A,2026-04-04,,服务,FALSE,full_list,0.9,1,FALSE,从企业信息公开页提取
E-NM-0007,内蒙古,NM,L1,,内蒙古文化旅游投资集团有限公司,文旅投资,supervised,省国资委监管企业,内蒙古国资委,http://gzw.nmg.gov.cn,LIST-A,2026-04-04,,文化,FALSE,full_list,0.9,1,FALSE,从企业信息公开页提取
E-NM-0008,内蒙古,NM,L1,,内蒙古新城宾馆旅游业集团有限责任公司,新城宾馆集团,supervised,省国资委监管企业,内蒙古国资委,http://gzw.nmg.gov.cn,LIST-A,2026-04-04,,旅游,FALSE,full_list,0.9,1,FALSE,从企业信息公开页提取
E-NM-0009,内蒙古,NM,L1,,内蒙古林草生态建设有限公司,林草生态,supervised,省国资委监管企业,内蒙古国资委,http://gzw.nmg.gov.cn,LIST-A,2026-04-04,,林业,FALSE,full_list,0.9,1,FALSE,从企业信息公开页提取
E-NM-0010,内蒙古,NM,L1,,内蒙古森林工业集团有限责任公司,森工集团,supervised,省国资委监管企业,内蒙古国资委,http://gzw.nmg.gov.cn,LIST-A,2026-04-04,,林业,FALSE,full_list,0.9,1,FALSE,从企业信息公开页提取
E-NM-0011,内蒙古,NM,L1,,内蒙古民航机场集团有限责任公司,机场集团,supervised,省国资委监管企业,内蒙古国资委,http://gzw.nmg.gov.cn,LIST-A,2026-04-04,,交通,FALSE,full_list,0.9,1,FALSE,从企业信息公开页提取
E-NM-0012,内蒙古,NM,L1,,内蒙古水务发展集团有限公司,水务集团,supervised,省国资委监管企业,内蒙古国资委,http://gzw.nmg.gov.cn,LIST-A,2026-04-04,,公用事业,FALSE,full_list,0.9,1,FALSE,从企业信息公开页提取
E-NM-0013,内蒙古,NM,L1,,内蒙古电力（集团）有限责任公司,电力集团,supervised,省国资委监管企业,内蒙古国资委,http://gzw.nmg.gov.cn,LIST-A,2026-04-04,,能源,FALSE,full_list,0.9,1,FALSE,从企业信息公开页提取
E-NM-0014,内蒙古,NM,L1,,内蒙古联合交易控股集团有限公司,联合交易集团,supervised,省国资委监管企业,内蒙古国资委,http://gzw.nmg.gov.cn,LIST-A,2026-04-04,,服务,FALSE,full_list,0.9,1,FALSE,从企业信息公开页提取
E-NM-0015,内蒙古,NM,L1,,内蒙古能源集团有限公司,能源集团,supervised,省国资委监管企业,内蒙古国资委,http://gzw.nmg.gov.cn,LIST-A,2026-04-04,,能源,FALSE,full_list,0.9,1,FALSE,从企业信息公开页提取
E-NM-0016,内蒙古,NM,L1,,内蒙古自治区储备粮管理有限公司,储备粮管理,supervised,省国资委监管企业,内蒙古国资委,http://gzw.nmg.gov.cn,LIST-A,2026-04-04,,农业,FALSE,full_list,0.9,1,FALSE,从企业信息公开页提取
E-NM-0017,内蒙古,NM,L1,,内蒙古自治区基本建设咨询投资有限公司,基建咨询投资,supervised,省国资委监管企业,内蒙古国资委,http://gzw.nmg.gov.cn,LIST-A,2026-04-04,,建筑,FALSE,full_list,0.9,1,FALSE,从企业信息公开页提取
E-NM-0018,内蒙古,NM,L1,,内蒙古蒙盐盐业集团有限公司,蒙盐集团,supervised,省国资委监管企业,内蒙古国资委,http://gzw.nmg.gov.cn,LIST-A,2026-04-04,,食品,FALSE,full_list,0.9,1,FALSE,从企业信息公开页提取
E-NM-0019,内蒙古,NM,L1,,包头钢铁（集团）有限责任公司,包钢集团,supervised,省国资委监管企业,内蒙古国资委,http://gzw.nmg.gov.cn,LIST-A,2026-04-04,,冶金,FALSE,full_list,0.9,1,FALSE,从企业信息公开页提取
E-LN-0001,辽宁,LN,L1,,辽宁控股（集团）有限责任公司,辽控集团,supervised,省国资委监管企业,辽宁国资委,http://gzw.ln.gov.cn,LIST-A,2026-04-04,,综合,FALSE,full_list,0.9,1,FALSE,从省企名录页官方编号列表提取
E-LN-0002,辽宁,LN,L1,,辽宁省交通建设投资集团有限责任公司,交投集团,supervised,省国资委监管企业,辽宁国资委,http://gzw.ln.gov.cn,LIST-A,2026-04-04,,交通,FALSE,full_list,0.9,1,FALSE,从省企名录页官方编号列表提取
E-LN-0003,辽宁,LN,L1,,辽宁省咨询产业集团有限责任公司,辽咨集团,supervised,省国资委监管企业,辽宁国资委,http://gzw.ln.gov.cn,LIST-A,2026-04-04,,服务,FALSE,full_list,0.9,1,FALSE,从省企名录页官方编号列表提取
E-LN-0004,辽宁,LN,L1,,辽宁省地质矿产投资开发集团有限公司,矿投集团,supervised,省国资委监管企业,辽宁国资委,http://gzw.ln.gov.cn,LIST-A,2026-04-04,,矿业,FALSE,full_list,0.9,1,FALSE,从省企名录页官方编号列表提取
E-LN-0005,辽宁,LN,L1,,辽宁省文体旅产业发展集团有限责任公司,文体旅集团,supervised,省国资委监管企业,辽宁国资委,http://gzw.ln.gov.cn,LIST-A,2026-04-04,,文化,FALSE,full_list,0.9,1,FALSE,从省企名录页官方编号列表提取
E-LN-0006,辽宁,LN,L1,,辽宁省机场管理集团有限公司,机场集团,supervised,省国资委监管企业,辽宁国资委,http://gzw.ln.gov.cn,LIST-A,2026-04-04,,交通,FALSE,full_list,0.9,1,FALSE,从省企名录页官方编号列表提取
E-LN-0007,辽宁,LN,L1,,辽宁省水资源管理和生态环保产业集团有限责任公司,辽水集团,supervised,省国资委监管企业,辽宁国资委,http://gzw.ln.gov.cn,LIST-A,2026-04-04,,环保,FALSE,full_list,0.9,1,FALSE,从省企名录页官方编号列表提取
E-LN-0008,辽宁,LN,L1,,辽宁省粮食发展集团有限责任公司,辽粮集团,supervised,省国资委监管企业,辽宁国资委,http://gzw.ln.gov.cn,LIST-A,2026-04-04,,农业,FALSE,full_list,0.9,1,FALSE,从省企名录页官方编号列表提取
E-LN-0009,辽宁,LN,L1,,辽宁省能源产业控股集团有限责任公司,能源控股集团,supervised,省国资委监管企业,辽宁国资委,http://gzw.ln.gov.cn,LIST-A,2026-04-04,,能源,FALSE,full_list,0.9,1,FALSE,从省企名录页官方编号列表提取
E-LN-0010,辽宁,LN,L1,,辽宁锦城石化有限公司,锦城石化,supervised,省国资委监管企业,辽宁国资委,http://gzw.ln.gov.cn,LIST-A,2026-04-04,,化工,FALSE,full_list,0.9,1,FALSE,从省企名录页官方编号列表提取
E-LN-0011,辽宁,LN,L1,,辽渔集团有限公司,辽渔集团,supervised,省国资委监管企业,辽宁国资委,http://gzw.ln.gov.cn,LIST-A,2026-04-04,,农业,FALSE,full_list,0.9,1,FALSE,从省企名录页官方编号列表提取
E-JL-0001,吉林,JL,L1,,一汽富维股份有限公司,富维股份,identifiable,公开可识别省属企业(从新闻/招聘识别),吉林国资委,http://gzw.jl.gov.cn,NEWS,2026-04-04,,汽车,FALSE,partial_identified,0.55,3,TRUE,从招聘公告和新闻间接识别
E-JL-0002,吉林,JL,L1,,吉林省农业发展集团有限公司,农发集团,identifiable,公开可识别省属企业(从新闻/招聘识别),吉林国资委,http://gzw.jl.gov.cn,NEWS,2026-04-04,,农业,FALSE,partial_identified,0.55,3,TRUE,从招聘公告和新闻间接识别
E-JL-0003,吉林,JL,L1,,吉林省吉盛资产管理有限责任公司,吉盛公司,identifiable,公开可识别省属企业(从新闻/招聘识别),吉林国资委,http://gzw.jl.gov.cn,NEWS,2026-04-04,,投资,FALSE,partial_identified,0.55,3,TRUE,从招聘公告和新闻间接识别
E-JL-0004,吉林,JL,L1,,吉林省国资运营集团有限公司,国资运营集团,identifiable,公开可识别省属企业(从新闻/招聘识别),吉林国资委,http://gzw.jl.gov.cn,NEWS,2026-04-04,,投资,FALSE,partial_identified,0.55,3,TRUE,从招聘公告和新闻间接识别
E-JL-0005,吉林,JL,L1,,吉林省安保集团有限责任公司,安保集团,identifiable,公开可识别省属企业(从新闻/招聘识别),吉林国资委,http://gzw.jl.gov.cn,NEWS,2026-04-04,,服务,FALSE,partial_identified,0.55,3,TRUE,从招聘公告和新闻间接识别
E-JL-0006,吉林,JL,L1,,吉林省矿业集团有限责任公司,矿业集团,identifiable,公开可识别省属企业(从新闻/招聘识别),吉林国资委,http://gzw.jl.gov.cn,NEWS,2026-04-04,,矿业,FALSE,partial_identified,0.55,3,TRUE,从招聘公告和新闻间接识别
E-JL-0007,吉林,JL,L1,,吉林省资本运营集团有限公司,吉林资本,identifiable,公开可识别省属企业(从新闻/招聘识别),吉林国资委,http://gzw.jl.gov.cn,NEWS,2026-04-04,,投资,FALSE,partial_identified,0.55,3,TRUE,从招聘公告和新闻间接识别
E-JL-0008,吉林,JL,L1,,吉林高速公路集团有限公司,吉高集团,identifiable,公开可识别省属企业(从新闻/招聘识别),吉林国资委,http://gzw.jl.gov.cn,NEWS,2026-04-04,,交通,FALSE,partial_identified,0.55,3,TRUE,从招聘公告和新闻间接识别
E-JL-0009,吉林,JL,L1,,吉能集团有限公司,吉能集团,identifiable,公开可识别省属企业(从新闻/招聘识别),吉林国资委,http://gzw.jl.gov.cn,NEWS,2026-04-04,,能源,FALSE,partial_identified,0.55,3,TRUE,从招聘公告和新闻间接识别
E-HL-0001,黑龙江,HL,L1,,黑龙江产权交易集团有限公司,交易集团,identifiable,公开可识别省属企业(从新闻识别),黑龙江国资委,http://gzw.hlj.gov.cn,NEWS,2026-04-04,,服务,FALSE,partial_identified,0.5,3,TRUE,从新闻间接识别，数量远不完整
E-HL-0002,黑龙江,HL,L1,,黑龙江省农业投资集团有限公司,农投集团,identifiable,公开可识别省属企业(从新闻识别),黑龙江国资委,http://gzw.hlj.gov.cn,NEWS,2026-04-04,,农业,FALSE,partial_identified,0.5,3,TRUE,从新闻间接识别，数量远不完整
E-HL-0003,黑龙江,HL,L1,,龙江建投集团有限公司,龙江建投,identifiable,公开可识别省属企业(从新闻识别),黑龙江国资委,http://gzw.hlj.gov.cn,NEWS,2026-04-04,,建筑,FALSE,partial_identified,0.5,3,TRUE,从新闻间接识别，数量远不完整
E-SH-0001,上海,SH,L1,,上海东方枢纽投资建设发展集团有限公司,东方枢纽集团,supervised,上海市国资委监管企业,上海国资委,http://www.gzw.sh.gov.cn,LIST-A,2026-04-04,,交通,FALSE,full_list,0.95,1,FALSE,官方信息披露企业目录
E-SH-0002,上海,SH,L1,,上海临港经济发展（集团）有限公司,临港集团,supervised,上海市国资委监管企业,上海国资委,http://www.gzw.sh.gov.cn,LIST-A,2026-04-04,,投资,FALSE,full_list,0.95,1,FALSE,官方信息披露企业目录
E-SH-0003,上海,SH,L1,,上海久事（集团）有限公司,久事集团,supervised,上海市国资委监管企业,上海国资委,http://www.gzw.sh.gov.cn,LIST-A,2026-04-04,,综合,FALSE,full_list,0.95,1,FALSE,官方信息披露企业目录
E-SH-0004,上海,SH,L1,,上海交易集团有限公司,交易集团,supervised,上海市国资委监管企业,上海国资委,http://www.gzw.sh.gov.cn,LIST-A,2026-04-04,,金融,TRUE,full_list,0.95,1,FALSE,官方信息披露企业目录
E-SH-0005,上海,SH,L1,,上海仪电（集团）有限公司,仪电集团,supervised,上海市国资委监管企业,上海国资委,http://www.gzw.sh.gov.cn,LIST-A,2026-04-04,,电子,FALSE,full_list,0.95,1,FALSE,官方信息披露企业目录
E-SH-0006,上海,SH,L1,,上海农村商业银行股份有限公司,上海农商行,supervised,上海市国资委监管企业,上海国资委,http://www.gzw.sh.gov.cn,LIST-A,2026-04-04,,金融,TRUE,full_list,0.95,1,FALSE,官方信息披露企业目录
E-SH-0007,上海,SH,L1,,上海华虹（集团）有限公司,华虹集团,supervised,上海市国资委监管企业,上海国资委,http://www.gzw.sh.gov.cn,LIST-A,2026-04-04,,电子,FALSE,full_list,0.95,1,FALSE,官方信息披露企业目录
E-SH-0008,上海,SH,L1,,上海华谊集团股份有限公司,华谊集团,supervised,上海市国资委监管企业,上海国资委,http://www.gzw.sh.gov.cn,LIST-A,2026-04-04,,化工,FALSE,full_list,0.95,1,FALSE,官方信息披露企业目录
E-SH-0009,上海,SH,L1,,上海国有资本投资有限公司,上海国投,supervised,上海市国资委监管企业,上海国资委,http://www.gzw.sh.gov.cn,LIST-A,2026-04-04,,投资,FALSE,full_list,0.95,1,FALSE,官方信息披露企业目录
E-SH-0010,上海,SH,L1,,上海国盛（集团）有限公司,国盛集团,supervised,上海市国资委监管企业,上海国资委,http://www.gzw.sh.gov.cn,LIST-A,2026-04-04,,投资,FALSE,full_list,0.95,1,FALSE,官方信息披露企业目录
E-SH-0011,上海,SH,L1,,上海国茂控股有限公司,国茂控股,supervised,上海市国资委监管企业,上海国资委,http://www.gzw.sh.gov.cn,LIST-A,2026-04-04,,综合,FALSE,full_list,0.95,1,FALSE,官方信息披露企业目录
E-SH-0012,上海,SH,L1,,上海国际港务（集团）股份有限公司,上港集团,supervised,上海市国资委监管企业,上海国资委,http://www.gzw.sh.gov.cn,LIST-A,2026-04-04,,交通,FALSE,full_list,0.95,1,FALSE,官方信息披露企业目录
E-SH-0013,上海,SH,L1,,上海国际集团有限公司,上海国际集团,supervised,上海市国资委监管企业,上海国资委,http://www.gzw.sh.gov.cn,LIST-A,2026-04-04,,金融,TRUE,full_list,0.95,1,FALSE,官方信息披露企业目录
E-SH-0014,上海,SH,L1,,上海地产（集团）有限公司,上海地产,supervised,上海市国资委监管企业,上海国资委,http://www.gzw.sh.gov.cn,LIST-A,2026-04-04,,房地产,FALSE,full_list,0.95,1,FALSE,官方信息披露企业目录
E-SH-0015,上海,SH,L1,,上海城投（集团）有限公司,上海城投,supervised,上海市国资委监管企业,上海国资委,http://www.gzw.sh.gov.cn,LIST-A,2026-04-04,,投资,FALSE,full_list,0.95,1,FALSE,官方信息披露企业目录
E-SH-0016,上海,SH,L1,,上海实业（集团）有限公司,上实集团,supervised,上海市国资委监管企业,上海国资委,http://www.gzw.sh.gov.cn,LIST-A,2026-04-04,,综合,FALSE,full_list,0.95,1,FALSE,官方信息披露企业目录
E-SH-0017,上海,SH,L1,,上海市现代农业投资发展集团有限公司,现代农业投资,supervised,上海市国资委监管企业,上海国资委,http://www.gzw.sh.gov.cn,LIST-A,2026-04-04,,农业,FALSE,full_list,0.95,1,FALSE,官方信息披露企业目录
E-SH-0018,上海,SH,L1,,上海建工集团股份有限公司,上海建工,supervised,上海市国资委监管企业,上海国资委,http://www.gzw.sh.gov.cn,LIST-A,2026-04-04,,建筑,FALSE,full_list,0.95,1,FALSE,官方信息披露企业目录
E-SH-0019,上海,SH,L1,,上海建科咨询集团股份有限公司,建科咨询,supervised,上海市国资委监管企业,上海国资委,http://www.gzw.sh.gov.cn,LIST-A,2026-04-04,,建筑,FALSE,full_list,0.95,1,FALSE,官方信息披露企业目录
E-SH-0020,上海,SH,L1,,上海数据集团有限公司,数据集团,supervised,上海市国资委监管企业,上海国资委,http://www.gzw.sh.gov.cn,LIST-A,2026-04-04,,数据,FALSE,full_list,0.95,1,FALSE,官方信息披露企业目录
E-SH-0021,上海,SH,L1,,上海机场（集团）有限公司,机场集团,supervised,上海市国资委监管企业,上海国资委,http://www.gzw.sh.gov.cn,LIST-A,2026-04-04,,交通,FALSE,full_list,0.95,1,FALSE,官方信息披露企业目录
E-SH-0022,上海,SH,L1,,上海汽车集团股份有限公司,上汽集团,supervised,上海市国资委监管企业,上海国资委,http://www.gzw.sh.gov.cn,LIST-A,2026-04-04,,汽车,FALSE,full_list,0.95,1,FALSE,官方信息披露企业目录
E-SH-0023,上海,SH,L1,,上海浦东发展银行股份有限公司,浦发银行,supervised,上海市国资委监管企业,上海国资委,http://www.gzw.sh.gov.cn,LIST-A,2026-04-04,,金融,TRUE,full_list,0.95,1,FALSE,官方信息披露企业目录
E-SH-0024,上海,SH,L1,,上海申迪（集团）有限公司,申迪集团,supervised,上海市国资委监管企业,上海国资委,http://www.gzw.sh.gov.cn,LIST-A,2026-04-04,,旅游,FALSE,full_list,0.95,1,FALSE,官方信息披露企业目录
E-SH-0025,上海,SH,L1,,上海申通地铁集团有限公司,申通地铁,supervised,上海市国资委监管企业,上海国资委,http://www.gzw.sh.gov.cn,LIST-A,2026-04-04,,交通,FALSE,full_list,0.95,1,FALSE,官方信息披露企业目录
E-SH-0026,上海,SH,L1,,上海电气集团股份有限公司,上海电气,supervised,上海市国资委监管企业,上海国资委,http://www.gzw.sh.gov.cn,LIST-A,2026-04-04,,制造,FALSE,full_list,0.95,1,FALSE,官方信息披露企业目录
E-SH-0027,上海,SH,L1,,上海联和投资有限公司,联和投资,supervised,上海市国资委监管企业,上海国资委,http://www.gzw.sh.gov.cn,LIST-A,2026-04-04,,投资,FALSE,full_list,0.95,1,FALSE,官方信息披露企业目录
E-SH-0028,上海,SH,L1,,上海银行股份有限公司,上海银行,supervised,上海市国资委监管企业,上海国资委,http://www.gzw.sh.gov.cn,LIST-A,2026-04-04,,金融,TRUE,full_list,0.95,1,FALSE,官方信息披露企业目录
E-SH-0029,上海,SH,L1,,上海隧道工程股份有限公司,隧道股份,supervised,上海市国资委监管企业,上海国资委,http://www.gzw.sh.gov.cn,LIST-A,2026-04-04,,建筑,FALSE,full_list,0.95,1,FALSE,官方信息披露企业目录
E-SH-0030,上海,SH,L1,,东方国际（集团）有限公司,东方国际,supervised,上海市国资委监管企业,上海国资委,http://www.gzw.sh.gov.cn,LIST-A,2026-04-04,,商贸,FALSE,full_list,0.95,1,FALSE,官方信息披露企业目录
E-SH-0031,上海,SH,L1,,东浩兰生（集团）有限公司,东浩兰生,supervised,上海市国资委监管企业,上海国资委,http://www.gzw.sh.gov.cn,LIST-A,2026-04-04,,商贸,FALSE,full_list,0.95,1,FALSE,官方信息披露企业目录
E-SH-0032,上海,SH,L1,,中保投资有限责任公司,中保投资,supervised,上海市国资委监管企业,上海国资委,http://www.gzw.sh.gov.cn,LIST-A,2026-04-04,,金融,TRUE,full_list,0.95,1,FALSE,官方信息披露企业目录
E-SH-0033,上海,SH,L1,,中国太平洋保险（集团）股份有限公司,太平洋保险,supervised,上海市国资委监管企业,上海国资委,http://www.gzw.sh.gov.cn,LIST-A,2026-04-04,,金融,TRUE,full_list,0.95,1,FALSE,官方信息披露企业目录
E-SH-0034,上海,SH,L1,,光明食品（集团）有限公司,光明食品,supervised,上海市国资委监管企业,上海国资委,http://www.gzw.sh.gov.cn,LIST-A,2026-04-04,,食品,FALSE,full_list,0.95,1,FALSE,官方信息披露企业目录
E-SH-0035,上海,SH,L1,,华东建筑集团股份有限公司,华东建筑,supervised,上海市国资委监管企业,上海国资委,http://www.gzw.sh.gov.cn,LIST-A,2026-04-04,,建筑,FALSE,full_list,0.95,1,FALSE,官方信息披露企业目录
E-SH-0036,上海,SH,L1,,国泰海通证券股份有限公司,国泰海通证券,supervised,上海市国资委监管企业,上海国资委,http://www.gzw.sh.gov.cn,LIST-A,2026-04-04,,金融,TRUE,full_list,0.95,1,FALSE,官方信息披露企业目录
E-SH-0037,上海,SH,L1,,申能（集团）有限公司,申能集团,supervised,上海市国资委监管企业,上海国资委,http://www.gzw.sh.gov.cn,LIST-A,2026-04-04,,能源,FALSE,full_list,0.95,1,FALSE,官方信息披露企业目录
E-SH-0038,上海,SH,L1,,百联集团有限公司,百联集团,supervised,上海市国资委监管企业,上海国资委,http://www.gzw.sh.gov.cn,LIST-A,2026-04-04,,商贸,FALSE,full_list,0.95,1,FALSE,官方信息披露企业目录
E-SH-0039,上海,SH,L1,,绿地控股集团股份有限公司,绿地控股,supervised,上海市国资委监管企业,上海国资委,http://www.gzw.sh.gov.cn,LIST-A,2026-04-04,,房地产,FALSE,full_list,0.95,1,FALSE,官方信息披露企业目录
E-SH-0040,上海,SH,L1,,锦江国际（集团）有限公司,锦江国际,supervised,上海市国资委监管企业,上海国资委,http://www.gzw.sh.gov.cn,LIST-A,2026-04-04,,旅游,FALSE,full_list,0.95,1,FALSE,官方信息披露企业目录
E-SH-0041,上海,SH,L1,,长三角一体化示范区新发展建设有限公司,长三角示范区新发展,supervised,上海市国资委监管企业,上海国资委,http://www.gzw.sh.gov.cn,LIST-A,2026-04-04,,投资,FALSE,full_list,0.95,1,FALSE,官方信息披露企业目录
E-SH-0042,上海,SH,L1,,长三角投资（上海）有限公司,长三角投资,supervised,上海市国资委监管企业,上海国资委,http://www.gzw.sh.gov.cn,LIST-A,2026-04-04,,投资,FALSE,full_list,0.95,1,FALSE,官方信息披露企业目录
E-JS-0001,江苏,JS,L1,,东部机场集团有限公司,东部机场,supervised,省国资委省属企业,江苏国资委,http://jsgzw.jiangsu.gov.cn,LIST-A,2026-04-04,,交通,FALSE,full_list,0.95,1,FALSE,官方首页省属企业栏目
E-JS-0002,江苏,JS,L1,,中国江苏国际经济技术合作集团有限公司,中江集团,supervised,省国资委省属企业,江苏国资委,http://jsgzw.jiangsu.gov.cn,LIST-A,2026-04-04,,商贸,FALSE,full_list,0.95,1,FALSE,官方首页省属企业栏目
E-JS-0003,江苏,JS,L1,,南京金陵饭店集团有限公司,金陵饭店,supervised,省国资委省属企业,江苏国资委,http://jsgzw.jiangsu.gov.cn,LIST-A,2026-04-04,,旅游,FALSE,full_list,0.95,1,FALSE,官方首页省属企业栏目
E-JS-0004,江苏,JS,L1,,南京钟山宾馆集团有限公司,钟山宾馆,supervised,省国资委省属企业,江苏国资委,http://jsgzw.jiangsu.gov.cn,LIST-A,2026-04-04,,旅游,FALSE,full_list,0.95,1,FALSE,官方首页省属企业栏目
E-JS-0005,江苏,JS,L1,,江苏交通控股有限公司,交通控股,supervised,省国资委省属企业,江苏国资委,http://jsgzw.jiangsu.gov.cn,LIST-A,2026-04-04,,交通,FALSE,full_list,0.95,1,FALSE,官方首页省属企业栏目
E-JS-0006,江苏,JS,L1,,江苏国信集团有限公司,国信集团,supervised,省国资委省属企业,江苏国资委,http://jsgzw.jiangsu.gov.cn,LIST-A,2026-04-04,,综合,FALSE,full_list,0.95,1,FALSE,官方首页省属企业栏目
E-JS-0007,江苏,JS,L1,,江苏水源有限责任公司,江苏水源,supervised,省国资委省属企业,江苏国资委,http://jsgzw.jiangsu.gov.cn,LIST-A,2026-04-04,,水利,FALSE,full_list,0.95,1,FALSE,官方首页省属企业栏目
E-JS-0008,江苏,JS,L1,,江苏省体育产业集团有限公司,体产集团,supervised,省国资委省属企业,江苏国资委,http://jsgzw.jiangsu.gov.cn,LIST-A,2026-04-04,,体育,FALSE,full_list,0.95,1,FALSE,官方首页省属企业栏目
E-JS-0009,江苏,JS,L1,,江苏省农垦集团有限公司,江苏农垦,supervised,省国资委省属企业,江苏国资委,http://jsgzw.jiangsu.gov.cn,LIST-A,2026-04-04,,农业,FALSE,full_list,0.95,1,FALSE,官方首页省属企业栏目
E-JS-0010,江苏,JS,L1,,江苏省国有资本投资集团有限公司,国投集团,supervised,省国资委省属企业,江苏国资委,http://jsgzw.jiangsu.gov.cn,LIST-A,2026-04-04,,投资,FALSE,full_list,0.95,1,FALSE,官方首页省属企业栏目
E-JS-0011,江苏,JS,L1,,江苏省徐矿集团有限公司,徐矿集团,supervised,省国资委省属企业,江苏国资委,http://jsgzw.jiangsu.gov.cn,LIST-A,2026-04-04,,矿业,FALSE,full_list,0.95,1,FALSE,官方首页省属企业栏目
E-JS-0012,江苏,JS,L1,,江苏省数据集团有限公司,数据集团,supervised,省国资委省属企业,江苏国资委,http://jsgzw.jiangsu.gov.cn,LIST-A,2026-04-04,,数据,FALSE,full_list,0.95,1,FALSE,官方首页省属企业栏目
E-JS-0013,江苏,JS,L1,,江苏省沿海开发集团有限公司,沿海集团,supervised,省国资委省属企业,江苏国资委,http://jsgzw.jiangsu.gov.cn,LIST-A,2026-04-04,,投资,FALSE,full_list,0.95,1,FALSE,官方首页省属企业栏目
E-JS-0014,江苏,JS,L1,,江苏省港口集团有限公司,江苏港口,supervised,省国资委省属企业,江苏国资委,http://jsgzw.jiangsu.gov.cn,LIST-A,2026-04-04,,交通,FALSE,full_list,0.95,1,FALSE,官方首页省属企业栏目
E-JS-0015,江苏,JS,L1,,江苏省环保集团有限公司,江苏环保,supervised,省国资委省属企业,江苏国资委,http://jsgzw.jiangsu.gov.cn,LIST-A,2026-04-04,,环保,FALSE,full_list,0.95,1,FALSE,官方首页省属企业栏目
E-JS-0016,江苏,JS,L1,,江苏省盐业集团有限责任公司,苏盐集团,supervised,省国资委省属企业,江苏国资委,http://jsgzw.jiangsu.gov.cn,LIST-A,2026-04-04,,轻工,FALSE,full_list,0.95,1,FALSE,官方首页省属企业栏目
E-JS-0017,江苏,JS,L1,,江苏省粮食集团有限责任公司,苏粮集团,supervised,省国资委省属企业,江苏国资委,http://jsgzw.jiangsu.gov.cn,LIST-A,2026-04-04,,食品,FALSE,full_list,0.95,1,FALSE,官方首页省属企业栏目
E-JS-0018,江苏,JS,L1,,江苏省规划设计集团有限公司,规划设计,supervised,省国资委省属企业,江苏国资委,http://jsgzw.jiangsu.gov.cn,LIST-A,2026-04-04,,建筑,FALSE,full_list,0.95,1,FALSE,官方首页省属企业栏目
E-JS-0019,江苏,JS,L1,,江苏省铁路集团有限公司,江苏铁路,supervised,省国资委省属企业,江苏国资委,http://jsgzw.jiangsu.gov.cn,LIST-A,2026-04-04,,交通,FALSE,full_list,0.95,1,FALSE,官方首页省属企业栏目
E-JS-0020,江苏,JS,L1,,江苏省高科技投资集团有限公司,江苏高投,supervised,省国资委省属企业,江苏国资委,http://jsgzw.jiangsu.gov.cn,LIST-A,2026-04-04,,投资,FALSE,full_list,0.95,1,FALSE,官方首页省属企业栏目
E-JS-0021,江苏,JS,L1,,江苏苏豪控股集团有限公司,苏豪控股,supervised,省国资委省属企业,江苏国资委,http://jsgzw.jiangsu.gov.cn,LIST-A,2026-04-04,,商贸,FALSE,full_list,0.95,1,FALSE,官方首页省属企业栏目
E-ZJ-0001,浙江,ZJ,L1,,浙江省农业发展集团有限公司,省农发集团,identifiable,公开可识别省属企业(无正式名单页),浙江省国资委,https://gzw.zj.gov.cn/,NEWS,2026-04-02,,农业,FALSE,partial_identified,0.60,3,TRUE,
E-ZJ-0002,浙江,ZJ,L1,,浙江省国有资本运营有限公司,省国资运营公司,identifiable,公开可识别省属企业(无正式名单页),浙江省国资委,https://gzw.zj.gov.cn/,NEWS,2026-04-02,,投资,FALSE,partial_identified,0.60,3,TRUE,浙江省国资委网站无独立企业名单页(LIST-B模式)；从国企党建栏目新闻间接识别
E-ZJ-0003,浙江,ZJ,L1,,浙江省旅游投资集团有限公司,省旅投集团,identifiable,公开可识别省属企业(无正式名单页),浙江省国资委,https://gzw.zj.gov.cn/,NEWS,2026-04-02,,旅游,FALSE,partial_identified,0.60,3,TRUE,
E-AH-0001,安徽,AH,L1,,中煤矿建集团有限公司,中煤矿建集团,supervised,省国资委监管企业,安徽国资委,http://gzw.ah.gov.cn,LIST-F,2026-04-04,,矿业,FALSE,full_list,0.8,2,FALSE,从省企网群侧边栏企业链接提取
E-AH-0002,安徽,AH,L1,,华安证券股份有限公司,华安证券,supervised,省国资委监管企业,安徽国资委,http://gzw.ah.gov.cn,LIST-F,2026-04-04,,金融,TRUE,full_list,0.8,2,FALSE,从省企网群侧边栏企业链接提取
E-AH-0003,安徽,AH,L1,,国元金融控股集团有限责任公司,国元金控,supervised,省国资委监管企业,安徽国资委,http://gzw.ah.gov.cn,LIST-F,2026-04-04,,金融,TRUE,full_list,0.8,2,FALSE,从省企网群侧边栏企业链接提取
E-AH-0004,安徽,AH,L1,,安徽叉车集团有限责任公司,叉车集团,supervised,省国资委监管企业,安徽国资委,http://gzw.ah.gov.cn,LIST-F,2026-04-04,,机械,FALSE,full_list,0.8,2,FALSE,从省企网群侧边栏企业链接提取
E-AH-0005,安徽,AH,L1,,安徽国控集团有限公司,安徽国控,supervised,省国资委监管企业,安徽国资委,http://gzw.ah.gov.cn,LIST-F,2026-04-04,,综合,FALSE,full_list,0.8,2,FALSE,从省企网群侧边栏企业链接提取
E-AH-0006,安徽,AH,L1,,安徽建工集团股份有限公司,建工集团,supervised,省国资委监管企业,安徽国资委,http://gzw.ah.gov.cn,LIST-F,2026-04-04,,建筑,FALSE,full_list,0.8,2,FALSE,从省企网群侧边栏企业链接提取
E-AH-0007,安徽,AH,L1,,安徽引江济淮集团有限公司,引江济淮集团,supervised,省国资委监管企业,安徽国资委,http://gzw.ah.gov.cn,LIST-F,2026-04-04,,公用事业,FALSE,full_list,0.8,2,FALSE,从省企网群侧边栏企业链接提取
E-AH-0008,安徽,AH,L1,,安徽江淮汽车集团控股有限公司,江淮汽车集团,supervised,省国资委监管企业,安徽国资委,http://gzw.ah.gov.cn,LIST-F,2026-04-04,,汽车,FALSE,full_list,0.8,2,FALSE,从省企网群侧边栏企业链接提取
E-AH-0009,安徽,AH,L1,,安徽皖中集团有限责任公司,皖中集团,supervised,省国资委监管企业,安徽国资委,http://gzw.ah.gov.cn,LIST-F,2026-04-04,,综合,FALSE,full_list,0.8,2,FALSE,从省企网群侧边栏企业链接提取
E-AH-0010,安徽,AH,L1,,安徽皖维集团有限责任公司,皖维集团,supervised,省国资委监管企业,安徽国资委,http://gzw.ah.gov.cn,LIST-F,2026-04-04,,化工,FALSE,full_list,0.8,2,FALSE,从省企网群侧边栏企业链接提取
E-AH-0011,安徽,AH,L1,,安徽省交通控股集团有限公司,省交通控股,supervised,省国资委监管企业,安徽国资委,http://gzw.ah.gov.cn,LIST-F,2026-04-04,,交通,FALSE,full_list,0.8,2,FALSE,从省企网群侧边栏企业链接提取
E-AH-0012,安徽,AH,L1,,安徽省农垦集团有限公司,省农垦集团,supervised,省国资委监管企业,安徽国资委,http://gzw.ah.gov.cn,LIST-F,2026-04-04,,农业,FALSE,full_list,0.8,2,FALSE,从省企网群侧边栏企业链接提取
E-AH-0013,安徽,AH,L1,,安徽省华强集团有限公司,省华强集团,supervised,省国资委监管企业,安徽国资委,http://gzw.ah.gov.cn,LIST-F,2026-04-04,,科技,FALSE,full_list,0.8,2,FALSE,从省企网群侧边栏企业链接提取
E-AH-0014,安徽,AH,L1,,安徽省徽商银行股份有限公司,徽商银行,supervised,省国资委监管企业,安徽国资委,http://gzw.ah.gov.cn,LIST-F,2026-04-04,,金融,TRUE,full_list,0.8,2,FALSE,从省企网群侧边栏企业链接提取
E-AH-0015,安徽,AH,L1,,安徽省徽商集团有限公司,省徽商集团,supervised,省国资委监管企业,安徽国资委,http://gzw.ah.gov.cn,LIST-F,2026-04-04,,商贸,FALSE,full_list,0.8,2,FALSE,从省企网群侧边栏企业链接提取
E-AH-0016,安徽,AH,L1,,安徽省投资集团控股有限公司,省投资集团,supervised,省国资委监管企业,安徽国资委,http://gzw.ah.gov.cn,LIST-F,2026-04-04,,投资,FALSE,full_list,0.8,2,FALSE,从省企网群侧边栏企业链接提取
E-AH-0017,安徽,AH,L1,,安徽省机场集团有限公司,机场集团,supervised,省国资委监管企业,安徽国资委,http://gzw.ah.gov.cn,LIST-F,2026-04-04,,交通,FALSE,full_list,0.8,2,FALSE,从省企网群侧边栏企业链接提取
E-AH-0018,安徽,AH,L1,,安徽省淮海实业发展集团有限公司,淮海集团,supervised,省国资委监管企业,安徽国资委,http://gzw.ah.gov.cn,LIST-F,2026-04-04,,综合,FALSE,full_list,0.8,2,FALSE,从省企网群侧边栏企业链接提取
E-AH-0019,安徽,AH,L1,,安徽省港航集团有限公司,省港航集团,supervised,省国资委监管企业,安徽国资委,http://gzw.ah.gov.cn,LIST-F,2026-04-04,,交通,FALSE,full_list,0.8,2,FALSE,从省企网群侧边栏企业链接提取
E-AH-0020,安徽,AH,L1,,安徽省生态环境集团有限公司,省生态环境集团,supervised,省国资委监管企业,安徽国资委,http://gzw.ah.gov.cn,LIST-F,2026-04-04,,环保,FALSE,full_list,0.8,2,FALSE,从省企网群侧边栏企业链接提取
E-AH-0021,安徽,AH,L1,,安徽省粮食产业集团有限公司,省粮食产业集团,supervised,省国资委监管企业,安徽国资委,http://gzw.ah.gov.cn,LIST-F,2026-04-04,,农业,FALSE,full_list,0.8,2,FALSE,从省企网群侧边栏企业链接提取
E-AH-0022,安徽,AH,L1,,安徽省能源集团有限公司,省能源集团,supervised,省国资委监管企业,安徽国资委,http://gzw.ah.gov.cn,LIST-F,2026-04-04,,能源,FALSE,full_list,0.8,2,FALSE,从省企网群侧边栏企业链接提取
E-AH-0023,安徽,AH,L1,,安徽通航控股集团有限公司,通航控股,supervised,省国资委监管企业,安徽国资委,http://gzw.ah.gov.cn,LIST-F,2026-04-04,,交通,FALSE,full_list,0.8,2,FALSE,从省企网群侧边栏企业链接提取
E-AH-0024,安徽,AH,L1,,数字安徽有限责任公司,数字安徽,supervised,省国资委监管企业,安徽国资委,http://gzw.ah.gov.cn,LIST-F,2026-04-04,,科技,FALSE,full_list,0.8,2,FALSE,从省企网群侧边栏企业链接提取
E-AH-0025,安徽,AH,L1,,海螺集团有限责任公司,海螺集团,supervised,省国资委监管企业,安徽国资委,http://gzw.ah.gov.cn,LIST-F,2026-04-04,,建材,FALSE,full_list,0.8,2,FALSE,从省企网群侧边栏企业链接提取
E-AH-0026,安徽,AH,L1,,淮北矿业控股股份有限公司,淮北矿业,supervised,省国资委监管企业,安徽国资委,http://gzw.ah.gov.cn,LIST-F,2026-04-04,,矿业,FALSE,full_list,0.8,2,FALSE,从省企网群侧边栏企业链接提取
E-AH-0027,安徽,AH,L1,,淮河能源控股集团有限责任公司,淮河能源,supervised,省国资委监管企业,安徽国资委,http://gzw.ah.gov.cn,LIST-F,2026-04-04,,能源,FALSE,full_list,0.8,2,FALSE,从省企网群侧边栏企业链接提取
E-AH-0028,安徽,AH,L1,,皖北煤电集团有限责任公司,皖北煤电,supervised,省国资委监管企业,安徽国资委,http://gzw.ah.gov.cn,LIST-F,2026-04-04,,能源,FALSE,full_list,0.8,2,FALSE,从省企网群侧边栏企业链接提取
E-AH-0029,安徽,AH,L1,,铜陵有色金属集团控股有限公司,铜陵有色,supervised,省国资委监管企业,安徽国资委,http://gzw.ah.gov.cn,LIST-F,2026-04-04,,冶金,FALSE,full_list,0.8,2,FALSE,从省企网群侧边栏企业链接提取
E-FJ-0001,福建,FJ,L1,,中国（福建）对外贸易中心集团有限责任公司,外贸中心集团,supervised,省国资委所出资企业,福建国资委,http://gzw.fujian.gov.cn,LIST-A,2026-04-04,,商贸,FALSE,full_list,0.95,1,FALSE,官方所出资企业列表
E-FJ-0002,福建,FJ,L1,,福建省医药集团有限责任公司,医药集团,supervised,省国资委所出资企业,福建国资委,http://gzw.fujian.gov.cn,LIST-A,2026-04-04,,医药,FALSE,full_list,0.95,1,FALSE,官方所出资企业列表
E-FJ-0003,福建,FJ,L1,,福建省国有资产管理有限公司,国有资产管理,supervised,省国资委所出资企业,福建国资委,http://gzw.fujian.gov.cn,LIST-A,2026-04-04,,投资,FALSE,full_list,0.95,1,FALSE,官方所出资企业列表
E-FJ-0004,福建,FJ,L1,,福建省大数据集团有限公司,大数据集团,supervised,省国资委所出资企业,福建国资委,http://gzw.fujian.gov.cn,LIST-A,2026-04-04,,数据,FALSE,full_list,0.95,1,FALSE,官方所出资企业列表
E-FJ-0005,福建,FJ,L1,,福建省工业控股集团有限公司,工控集团,supervised,省国资委所出资企业,福建国资委,http://gzw.fujian.gov.cn,LIST-A,2026-04-04,,制造,FALSE,full_list,0.95,1,FALSE,官方所出资企业列表
E-FJ-0006,福建,FJ,L1,,福建省建设投资集团有限责任公司,建投集团,supervised,省国资委所出资企业,福建国资委,http://gzw.fujian.gov.cn,LIST-A,2026-04-04,,建筑,FALSE,full_list,0.95,1,FALSE,官方所出资企业列表
E-FJ-0007,福建,FJ,L1,,福建省投资开发集团有限责任公司,投资集团,supervised,省国资委所出资企业,福建国资委,http://gzw.fujian.gov.cn,LIST-A,2026-04-04,,投资,FALSE,full_list,0.95,1,FALSE,官方所出资企业列表
E-FJ-0008,福建,FJ,L1,,福建省招标采购集团有限公司,招标集团,supervised,省国资委所出资企业,福建国资委,http://gzw.fujian.gov.cn,LIST-A,2026-04-04,,服务,FALSE,full_list,0.95,1,FALSE,官方所出资企业列表
E-FJ-0009,福建,FJ,L1,,福建省旅游发展集团有限公司,旅游发展集团,supervised,省国资委所出资企业,福建国资委,http://gzw.fujian.gov.cn,LIST-A,2026-04-04,,旅游,FALSE,full_list,0.95,1,FALSE,官方所出资企业列表
E-FJ-0010,福建,FJ,L1,,福建省水利投资开发集团有限公司,水利投资集团,supervised,省国资委所出资企业,福建国资委,http://gzw.fujian.gov.cn,LIST-A,2026-04-04,,水利,FALSE,full_list,0.95,1,FALSE,官方所出资企业列表
E-FJ-0011,福建,FJ,L1,,福建省汽车工业集团有限公司,福汽集团,supervised,省国资委所出资企业,福建国资委,http://gzw.fujian.gov.cn,LIST-A,2026-04-04,,汽车,FALSE,full_list,0.95,1,FALSE,官方所出资企业列表
E-FJ-0012,福建,FJ,L1,,福建省港口集团有限责任公司,港口集团,supervised,省国资委所出资企业,福建国资委,http://gzw.fujian.gov.cn,LIST-A,2026-04-04,,交通,FALSE,full_list,0.95,1,FALSE,官方所出资企业列表
E-FJ-0013,福建,FJ,L1,,福建省电子信息（集团）有限责任公司,电子信息集团,supervised,省国资委所出资企业,福建国资委,http://gzw.fujian.gov.cn,LIST-A,2026-04-04,,电子,FALSE,full_list,0.95,1,FALSE,官方所出资企业列表
E-FJ-0014,福建,FJ,L1,,福建省能源石化集团有限责任公司,能源石化集团,supervised,省国资委所出资企业,福建国资委,http://gzw.fujian.gov.cn,LIST-A,2026-04-04,,能源,FALSE,full_list,0.95,1,FALSE,官方所出资企业列表
E-FJ-0015,福建,FJ,L1,,福建省船舶工业集团有限公司,福船集团,supervised,省国资委所出资企业,福建国资委,http://gzw.fujian.gov.cn,LIST-A,2026-04-04,,制造,FALSE,full_list,0.95,1,FALSE,官方所出资企业列表
E-FJ-0016,福建,FJ,L1,,福建省高速公路集团有限公司,福建高速集团,supervised,省国资委所出资企业,福建国资委,http://gzw.fujian.gov.cn,LIST-A,2026-04-04,,交通,FALSE,full_list,0.95,1,FALSE,官方所出资企业列表
E-JX-0001,江西,JX,L1,,江西国泰集团有限责任公司,江西国泰集团,supervised,省国资委省属企业,江西国资委,http://gzw.jiangxi.gov.cn,LIST-A,2026-04-04,,综合,FALSE,full_list,0.85,2,TRUE,官方省属企业名录(短名推断全名)
E-JX-0002,江西,JX,L1,,江西省交通投资集团有限公司,江西交投集团,supervised,省国资委省属企业,江西国资委,http://gzw.jiangxi.gov.cn,LIST-A,2026-04-04,,交通,FALSE,full_list,0.85,2,TRUE,官方省属企业名录(短名推断全名)
E-JX-0003,江西,JX,L1,,江西省军工控股集团有限公司,江西军工集团,supervised,省国资委省属企业,江西国资委,http://gzw.jiangxi.gov.cn,LIST-A,2026-04-04,,制造,FALSE,full_list,0.85,2,TRUE,官方省属企业名录(短名推断全名)
E-JX-0004,江西,JX,L1,,江西省建工集团有限责任公司,江西建工集团,supervised,省国资委省属企业,江西国资委,http://gzw.jiangxi.gov.cn,LIST-A,2026-04-04,,建筑,FALSE,full_list,0.85,2,TRUE,官方省属企业名录(短名推断全名)
E-JX-0005,江西,JX,L1,,江西省建材集团有限公司,江西建材集团,supervised,省国资委省属企业,江西国资委,http://gzw.jiangxi.gov.cn,LIST-A,2026-04-04,,建材,FALSE,full_list,0.85,2,TRUE,官方省属企业名录(短名推断全名)
E-JX-0006,江西,JX,L1,,江西省投资集团有限公司,江西投资集团,supervised,省国资委省属企业,江西国资委,http://gzw.jiangxi.gov.cn,LIST-A,2026-04-04,,投资,FALSE,full_list,0.85,2,TRUE,官方省属企业名录(短名推断全名)
E-JX-0007,江西,JX,L1,,江西省港口集团有限公司,江西港口集团,supervised,省国资委省属企业,江西国资委,http://gzw.jiangxi.gov.cn,LIST-A,2026-04-04,,交通,FALSE,full_list,0.85,2,TRUE,官方省属企业名录(短名推断全名)
E-JX-0008,江西,JX,L1,,江西省盐业集团股份有限公司,江西盐业集团,supervised,省国资委省属企业,江西国资委,http://gzw.jiangxi.gov.cn,LIST-A,2026-04-04,,轻工,FALSE,full_list,0.85,2,TRUE,官方省属企业名录(短名推断全名)
E-JX-0009,江西,JX,L1,,江西省长天旅游集团有限公司,江西长旅集团,supervised,省国资委省属企业,江西国资委,http://gzw.jiangxi.gov.cn,LIST-A,2026-04-04,,旅游,FALSE,full_list,0.85,2,TRUE,官方省属企业名录(短名推断全名)
E-JX-0010,江西,JX,L1,,江西铜业集团有限公司,江西铜业集团,supervised,省国资委省属企业,江西国资委,http://gzw.jiangxi.gov.cn,LIST-A,2026-04-04,,冶金,FALSE,full_list,0.85,2,TRUE,官方省属企业名录(短名推断全名)
E-JX-0011,江西,JX,L1,,江钨控股集团有限公司,江钨控股集团,supervised,省国资委省属企业,江西国资委,http://gzw.jiangxi.gov.cn,LIST-A,2026-04-04,,冶金,FALSE,full_list,0.85,2,TRUE,官方省属企业名录(短名推断全名)
E-SD-0001,山东,SD,L1,,山东健康集团有限公司,山东健康,identifiable,公开可识别省属企业(从招聘栏识别),山东省国资委,http://gzw.shandong.gov.cn/,NEWS,2026-04-02,,医疗,FALSE,partial_identified,0.55,3,TRUE,
E-SD-0002,山东,SD,L1,,山东省国有资产投资控股有限公司,山东国投,identifiable,公开可识别省属企业(从新闻识别),山东省国资委,http://gzw.shandong.gov.cn/,NEWS,2026-04-02,,投资,FALSE,partial_identified,0.55,3,TRUE,
E-SD-0003,山东,SD,L1,,山东省国欣文旅集团有限公司,国欣文旅,identifiable,公开可识别省属企业(从招聘/新闻识别),山东省国资委,http://gzw.shandong.gov.cn/,NEWS,2026-04-02,,文旅,FALSE,partial_identified,0.55,3,TRUE,山东省国资委网站无独立名单页；从招聘/企业动态栏目间接识别
E-SD-0004,山东,SD,L1,,山东省港口集团有限公司,山东港口,identifiable,公开可识别省属企业(从新闻识别),山东省国资委,http://gzw.shandong.gov.cn/,NEWS,2026-04-02,,交通,FALSE,partial_identified,0.55,3,TRUE,
E-SD-0005,山东,SD,L1,,山东省科创集团有限公司,山东科创,identifiable,公开可识别省属企业(从招聘栏识别),山东省国资委,http://gzw.shandong.gov.cn/,NEWS,2026-04-02,,科技,FALSE,partial_identified,0.55,3,TRUE,
E-SD-0006,山东,SD,L1,,山东高速集团有限公司,山东高速,identifiable,公开可识别省属企业(从新闻识别),山东省国资委,http://gzw.shandong.gov.cn/,NEWS,2026-04-02,,交通,FALSE,partial_identified,0.55,3,TRUE,
E-SD-0007,山东,SD,L1,,山东黄金集团有限公司,山东黄金,identifiable,公开可识别省属企业(从新闻识别),山东省国资委,http://gzw.shandong.gov.cn/,NEWS,2026-04-02,,矿业,FALSE,partial_identified,0.55,3,TRUE,
E-HA-0001,河南,HA,L1,,中国河南国际合作集团有限公司,河南国际,identifiable,公开可识别省属企业(从新闻识别),河南国资委,http://gzw.henan.gov.cn,NEWS,2026-04-04,,商贸,FALSE,partial_identified,0.5,3,TRUE,从新闻间接识别，数量远不完整
E-HA-0002,河南,HA,L1,,河南省农业综合开发投资集团有限公司,河南农投,identifiable,公开可识别省属企业(从新闻识别),河南国资委,http://gzw.henan.gov.cn,NEWS,2026-04-04,,农业,FALSE,partial_identified,0.5,3,TRUE,从新闻间接识别，数量远不完整
E-HA-0003,河南,HA,L1,,河南省国控集团有限公司,河南国控,identifiable,公开可识别省属企业(从新闻识别),河南国资委,http://gzw.henan.gov.cn,NEWS,2026-04-04,,综合,FALSE,partial_identified,0.5,3,TRUE,从新闻间接识别，数量远不完整
E-HA-0004,河南,HA,L1,,河南省文化旅游投资集团有限公司,河南文旅投,identifiable,公开可识别省属企业(从新闻识别),河南国资委,http://gzw.henan.gov.cn,NEWS,2026-04-04,,文化,FALSE,partial_identified,0.5,3,TRUE,从新闻间接识别，数量远不完整
E-HA-0005,河南,HA,L1,,河南铁路建设投资集团有限公司,河南铁建投,identifiable,公开可识别省属企业(从新闻识别),河南国资委,http://gzw.henan.gov.cn,NEWS,2026-04-04,,交通,FALSE,partial_identified,0.5,3,TRUE,从新闻间接识别，数量远不完整
E-HN-0001,湖南,HN,L1,,中联重科股份有限公司,中联重科,majority_shareholder,第一大股东企业,湖南国资委,http://gzw.hunan.gov.cn,LIST-A,2026-04-04,,机械,FALSE,full_list,0.9,1,FALSE,第一大股东企业
E-HN-0002,湖南,HN,L1,,湖南万安达集团有限责任公司,万安达集团,entrusted,委托监管企业,湖南国资委,http://gzw.hunan.gov.cn,LIST-A,2026-04-04,,服务,FALSE,full_list,0.9,1,FALSE,委托监管企业
E-HN-0003,湖南,HN,L1,,湖南兴湘投资控股集团有限公司,兴湘投资,supervised,省国资委监管企业,湖南国资委,http://gzw.hunan.gov.cn,LIST-A,2026-04-04,,投资,FALSE,full_list,0.9,1,FALSE,直接监管企业
E-HN-0004,湖南,HN,L1,,湖南农业发展投资集团有限责任公司,农发投资,supervised,省国资委监管企业,湖南国资委,http://gzw.hunan.gov.cn,LIST-A,2026-04-04,,农业,FALSE,full_list,0.9,1,FALSE,直接监管企业
E-HN-0005,湖南,HN,L1,,湖南医药发展投资集团有限公司,医药投资,supervised,省国资委监管企业,湖南国资委,http://gzw.hunan.gov.cn,LIST-A,2026-04-04,,医药,FALSE,full_list,0.9,1,FALSE,直接监管企业
E-HN-0006,湖南,HN,L1,,湖南建设投资集团有限责任公司,建投集团,supervised,省国资委监管企业,湖南国资委,http://gzw.hunan.gov.cn,LIST-A,2026-04-04,,投资,FALSE,full_list,0.9,1,FALSE,直接监管企业
E-HN-0007,湖南,HN,L1,,湖南海利高新技术产业集团有限公司,海利集团,supervised,省国资委监管企业,湖南国资委,http://gzw.hunan.gov.cn,LIST-A,2026-04-04,,化工,FALSE,full_list,0.9,1,FALSE,直接监管企业
E-HN-0008,湖南,HN,L1,,湖南湘勤集团有限公司,湘勤集团,entrusted,委托监管企业,湖南国资委,http://gzw.hunan.gov.cn,LIST-A,2026-04-04,,服务,FALSE,full_list,0.9,1,FALSE,委托监管企业
E-HN-0009,湖南,HN,L1,,湖南湘科控股集团有限公司,湘科控股,supervised,省国资委监管企业,湖南国资委,http://gzw.hunan.gov.cn,LIST-A,2026-04-04,,科技,FALSE,full_list,0.9,1,FALSE,直接监管企业
E-HN-0010,湖南,HN,L1,,湖南盐业集团有限公司,盐业集团,supervised,省国资委监管企业,湖南国资委,http://gzw.hunan.gov.cn,LIST-A,2026-04-04,,食品,FALSE,full_list,0.9,1,FALSE,直接监管企业
E-HN-0011,湖南,HN,L1,,湖南省机场管理集团有限公司,机场集团,supervised,省国资委监管企业,湖南国资委,http://gzw.hunan.gov.cn,LIST-A,2026-04-04,,交通,FALSE,full_list,0.9,1,FALSE,直接监管企业
E-HN-0012,湖南,HN,L1,,湖南省港航水利集团有限公司,港航水利,supervised,省国资委监管企业,湖南国资委,http://gzw.hunan.gov.cn,LIST-A,2026-04-04,,交通,FALSE,full_list,0.9,1,FALSE,直接监管企业
E-HN-0013,湖南,HN,L1,,湖南省矿产资源集团有限责任公司,矿产资源,supervised,省国资委监管企业,湖南国资委,http://gzw.hunan.gov.cn,LIST-A,2026-04-04,,矿业,FALSE,full_list,0.9,1,FALSE,直接监管企业
E-HN-0014,湖南,HN,L1,,湖南省高速公路集团有限公司,高速集团,supervised,省国资委监管企业,湖南国资委,http://gzw.hunan.gov.cn,LIST-A,2026-04-04,,交通,FALSE,full_list,0.9,1,FALSE,直接监管企业
E-HN-0015,湖南,HN,L1,,湖南能源集团有限公司,能源集团,supervised,省国资委监管企业,湖南国资委,http://gzw.hunan.gov.cn,LIST-A,2026-04-04,,能源,FALSE,full_list,0.9,1,FALSE,直接监管企业
E-HN-0016,湖南,HN,L1,,湖南蓉园集团有限公司,蓉园集团,entrusted,委托监管企业,湖南国资委,http://gzw.hunan.gov.cn,LIST-A,2026-04-04,,服务,FALSE,full_list,0.9,1,FALSE,委托监管企业
E-HN-0017,湖南,HN,L1,,湖南轨道交通控股集团有限公司,轨道交通,supervised,省国资委监管企业,湖南国资委,http://gzw.hunan.gov.cn,LIST-A,2026-04-04,,交通,FALSE,full_list,0.9,1,FALSE,直接监管企业
E-HN-0018,湖南,HN,L1,,湖南鑫牛资产管理集团有限公司,鑫牛资产,majority_shareholder,第一大股东企业,湖南国资委,http://gzw.hunan.gov.cn,LIST-A,2026-04-04,,投资,FALSE,full_list,0.9,1,FALSE,第一大股东企业
E-HN-0019,湖南,HN,L1,,湖南钢铁集团有限公司,湖南钢铁,supervised,省国资委监管企业,湖南国资委,http://gzw.hunan.gov.cn,LIST-A,2026-04-04,,冶金,FALSE,full_list,0.9,1,FALSE,直接监管企业
E-HN-0020,湖南,HN,L1,,湖南高新创业投资集团有限公司,高新创投,supervised,省国资委监管企业,湖南国资委,http://gzw.hunan.gov.cn,LIST-A,2026-04-04,,投资,FALSE,full_list,0.9,1,FALSE,直接监管企业
E-HN-0021,湖南,HN,L1,,湘电集团有限公司,湘电集团,supervised,省国资委监管企业,湖南国资委,http://gzw.hunan.gov.cn,LIST-A,2026-04-04,,机械,FALSE,full_list,0.9,1,FALSE,直接监管企业
E-GD-0001,广东,GD,L1,,广东南粤集团有限公司,南粤集团,supervised,省国资委监管企业,广东省国资委,https://gzw.gd.gov.cn/,LIST-F,2026-04-02,,综合,FALSE,full_list,0.85,2,FALSE,
E-GD-0002,广东,GD,L1,,广东恒健投资控股有限公司,恒健控股公司,supervised,省国资委监管企业,广东省国资委,https://gzw.gd.gov.cn/,LIST-F,2026-04-02,,投资,FALSE,full_list,0.85,2,FALSE,
E-GD-0003,广东,GD,L1,,广东省交易控股集团有限公司,交易控股集团,supervised,省国资委监管企业,广东省国资委,https://gzw.gd.gov.cn/,LIST-F,2026-04-02,,服务,FALSE,full_list,0.85,2,FALSE,
E-GD-0004,广东,GD,L1,,广东省交通集团有限公司,交通集团,supervised,省国资委监管企业,广东省国资委,https://gzw.gd.gov.cn/,LIST-F,2026-04-02,,交通,FALSE,full_list,0.85,2,FALSE,
E-GD-0005,广东,GD,L1,,广东省广新控股集团有限公司,广新控股集团,supervised,省国资委监管企业,广东省国资委,https://gzw.gd.gov.cn/,LIST-F,2026-04-02,,综合,FALSE,full_list,0.85,2,FALSE,
E-GD-0006,广东,GD,L1,,广东省广晟控股集团有限公司,广晟控股集团,supervised,省国资委监管企业,广东省国资委,https://gzw.gd.gov.cn/,LIST-F,2026-04-02,,综合,FALSE,full_list,0.85,2,FALSE,
E-GD-0007,广东,GD,L1,,广东省广物控股集团有限公司,广物控股集团,supervised,省国资委监管企业,广东省国资委,https://gzw.gd.gov.cn/,LIST-F,2026-04-02,,商贸,FALSE,full_list,0.85,2,FALSE,
E-GD-0008,广东,GD,L1,,广东省广轻控股集团有限公司,广轻控股集团,supervised,省国资委监管企业,广东省国资委,https://gzw.gd.gov.cn/,LIST-F,2026-04-02,,轻工,FALSE,full_list,0.85,2,FALSE,
E-GD-0009,广东,GD,L1,,广东省建筑工程集团有限公司,建工控股集团,supervised,省国资委监管企业,广东省国资委,https://gzw.gd.gov.cn/,LIST-F,2026-04-02,,建筑,FALSE,full_list,0.85,2,FALSE,
E-GD-0010,广东,GD,L1,,广东省旅游控股集团有限公司,旅游控股集团,supervised,省国资委监管企业,广东省国资委,https://gzw.gd.gov.cn/,LIST-F,2026-04-02,,旅游,FALSE,full_list,0.85,2,FALSE,
E-GD-0011,广东,GD,L1,,广东省机场管理集团有限公司,机场集团,supervised,省国资委监管企业,广东省国资委,https://gzw.gd.gov.cn/,LIST-F,2026-04-02,,交通,FALSE,full_list,0.85,2,FALSE,"从官网首页""重点领域""栏目提取，显示为监管企业链接"
E-GD-0012,广东,GD,L1,,广东省港航集团有限公司,港航集团,supervised,省国资委监管企业,广东省国资委,https://gzw.gd.gov.cn/,LIST-F,2026-04-02,,交通,FALSE,full_list,0.85,2,FALSE,
E-GD-0013,广东,GD,L1,,广东省环保集团有限公司,环保集团,supervised,省国资委监管企业,广东省国资委,https://gzw.gd.gov.cn/,LIST-F,2026-04-02,,环保,FALSE,full_list,0.85,2,FALSE,
E-GD-0014,广东,GD,L1,,广东省盐业集团有限公司,盐业集团,supervised,省国资委监管企业,广东省国资委,https://gzw.gd.gov.cn/,LIST-F,2026-04-02,,食品,FALSE,full_list,0.85,2,FALSE,
E-GD-0015,广东,GD,L1,,广东省粤科金融集团有限公司,粤科金融集团,supervised,省国资委监管企业,广东省国资委,https://gzw.gd.gov.cn/,LIST-F,2026-04-02,,金融,TRUE,full_list,0.85,2,FALSE,注意：广东将金融类纳入国资委监管，与多数省份不同
E-GD-0016,广东,GD,L1,,广东省能源集团有限公司,能源集团,supervised,省国资委监管企业,广东省国资委,https://gzw.gd.gov.cn/,LIST-F,2026-04-02,,能源,FALSE,full_list,0.85,2,FALSE,
E-GD-0017,广东,GD,L1,,广东省铁路建设投资集团有限公司,铁投集团,supervised,省国资委监管企业,广东省国资委,https://gzw.gd.gov.cn/,LIST-F,2026-04-02,,交通,FALSE,full_list,0.85,2,FALSE,
E-GD-0018,广东,GD,L1,,广东粤海控股集团有限公司,粤海控股集团,supervised,省国资委监管企业,广东省国资委,https://gzw.gd.gov.cn/,LIST-F,2026-04-02,,综合,FALSE,full_list,0.85,2,FALSE,
E-GD-L2-0001,广东,GD,L2,东莞,东莞市国资委监管企业,东莞市属企业,identifiable,公开可识别地级市监管企业,广东省国资委,https://gzw.gd.gov.cn/dsgz/dgsgzw/,NEWS,2026-04-02,,综合,FALSE,partial_identified,0.45,4,TRUE,从新闻识别东莞港务集团
E-GD-L2-0002,广东,GD,L2,广州,广州市国资委监管企业,广州市属企业,identifiable,公开可识别地级市监管企业,广东省国资委,https://gzw.gd.gov.cn/dsgz/gzsgzw/,NEWS,2026-04-02,,综合,FALSE,partial_identified,0.50,3,TRUE,从新闻识别广州地铁集团、广州交投集团、广州产投集团等
E-GD-L2-0003,广东,GD,L2,深圳,深圳市国资委监管企业,深圳市属企业,identifiable,公开可识别地级市监管企业(从省国资委地方国资栏目识别),广东省国资委,https://gzw.gd.gov.cn/dsgz/szsgzw/,NEWS,2026-04-02,,综合,FALSE,partial_identified,0.50,3,TRUE,"广东省国资委设有""地市国资""栏目含深圳/广州/东莞/江门/汕尾等子栏目；具体企业名单需进入各市国资委网站"
E-GX-0001,广西,GX,L1,,广西交通投资集团有限公司,广西交投,supervised,省国资委监管企业,广西国资委,http://gzw.gxzf.gov.cn,LIST-A,2026-04-04,,交通,FALSE,full_list,0.95,1,FALSE,官方广西国企列表
E-GX-0002,广西,GX,L1,,广西农村投资集团有限公司,广西农投,supervised,省国资委监管企业,广西国资委,http://gzw.gxzf.gov.cn,LIST-A,2026-04-04,,农业,FALSE,full_list,0.95,1,FALSE,官方广西国企列表
E-GX-0003,广西,GX,L1,,广西北部湾国际港务集团有限公司,北部湾港务,supervised,省国资委监管企业,广西国资委,http://gzw.gxzf.gov.cn,LIST-A,2026-04-04,,交通,FALSE,full_list,0.95,1,FALSE,官方广西国企列表
E-GX-0004,广西,GX,L1,,广西北部湾投资集团有限公司,北部湾投资,supervised,省国资委监管企业,广西国资委,http://gzw.gxzf.gov.cn,LIST-A,2026-04-04,,投资,FALSE,full_list,0.95,1,FALSE,官方广西国企列表
E-GX-0005,广西,GX,L1,,广西国宏经济发展集团有限公司,国宏集团,supervised,省国资委监管企业,广西国资委,http://gzw.gxzf.gov.cn,LIST-A,2026-04-04,,综合,FALSE,full_list,0.95,1,FALSE,官方广西国企列表
E-GX-0006,广西,GX,L1,,广西国控资本运营集团有限责任公司,国控资本,supervised,省国资委监管企业,广西国资委,http://gzw.gxzf.gov.cn,LIST-A,2026-04-04,,投资,FALSE,full_list,0.95,1,FALSE,官方广西国企列表
E-GX-0007,广西,GX,L1,,广西宏桂资本运营集团有限公司,宏桂资本,supervised,省国资委监管企业,广西国资委,http://gzw.gxzf.gov.cn,LIST-A,2026-04-04,,投资,FALSE,full_list,0.95,1,FALSE,官方广西国企列表
E-GX-0008,广西,GX,L1,,广西投资集团有限公司,广西投资集团,supervised,省国资委监管企业,广西国资委,http://gzw.gxzf.gov.cn,LIST-A,2026-04-04,,投资,FALSE,full_list,0.95,1,FALSE,官方广西国企列表
E-GX-0009,广西,GX,L1,,广西旅游发展集团有限公司,广西旅游集团,supervised,省国资委监管企业,广西国资委,http://gzw.gxzf.gov.cn,LIST-A,2026-04-04,,旅游,FALSE,full_list,0.95,1,FALSE,官方广西国企列表
E-GX-0010,广西,GX,L1,,广西机场管理集团有限责任公司,广西机场,supervised,省国资委监管企业,广西国资委,http://gzw.gxzf.gov.cn,LIST-A,2026-04-04,,交通,FALSE,full_list,0.95,1,FALSE,官方广西国企列表
E-GX-0011,广西,GX,L1,,广西林业集团有限公司,广西林业,supervised,省国资委监管企业,广西国资委,http://gzw.gxzf.gov.cn,LIST-A,2026-04-04,,林业,FALSE,full_list,0.95,1,FALSE,官方广西国企列表
E-GX-0012,广西,GX,L1,,广西柳州钢铁集团有限公司,柳钢集团,supervised,省国资委监管企业,广西国资委,http://gzw.gxzf.gov.cn,LIST-A,2026-04-04,,冶金,FALSE,full_list,0.95,1,FALSE,官方广西国企列表
E-GX-0013,广西,GX,L1,,广西柳工集团有限公司,柳工集团,supervised,省国资委监管企业,广西国资委,http://gzw.gxzf.gov.cn,LIST-A,2026-04-04,,制造,FALSE,full_list,0.95,1,FALSE,官方广西国企列表
E-GX-0014,广西,GX,L1,,广西汽车集团有限公司,广西汽车,supervised,省国资委监管企业,广西国资委,http://gzw.gxzf.gov.cn,LIST-A,2026-04-04,,汽车,FALSE,full_list,0.95,1,FALSE,官方广西国企列表
E-GX-0015,广西,GX,L1,,广西玉柴机器集团有限公司,玉柴集团,supervised,省国资委监管企业,广西国资委,http://gzw.gxzf.gov.cn,LIST-A,2026-04-04,,制造,FALSE,full_list,0.95,1,FALSE,官方广西国企列表
E-GX-0016,广西,GX,L1,,广西现代物流集团有限公司,广西物流,supervised,省国资委监管企业,广西国资委,http://gzw.gxzf.gov.cn,LIST-A,2026-04-04,,物流,FALSE,full_list,0.95,1,FALSE,官方广西国企列表
E-HI-0001,海南,HI,L1,,中国通用航空有限责任公司,通用航空,supervised,省国资委监管企业,海南国资委,https://gzw.hainan.gov.cn,LIST-A,2026-04-04,,交通,FALSE,full_list,0.9,1,FALSE,从省属重点监管企业名录页提取
E-HI-0002,海南,HI,L1,,海南国际商业航天发射有限公司,商业航天,supervised,省国资委监管企业,海南国资委,https://gzw.hainan.gov.cn,LIST-A,2026-04-04,,科技,FALSE,full_list,0.9,1,FALSE,从省属重点监管企业名录页提取
E-HI-0003,海南,HI,L1,,海南海钢集团有限公司,海钢集团,supervised,省国资委监管企业,海南国资委,https://gzw.hainan.gov.cn,LIST-A,2026-04-04,,冶金,FALSE,full_list,0.9,1,FALSE,从省属重点监管企业名录页提取
E-HI-0004,海南,HI,L1,,海南省交通投资控股有限公司,交投控股,supervised,省国资委监管企业,海南国资委,https://gzw.hainan.gov.cn,LIST-A,2026-04-04,,交通,FALSE,full_list,0.9,1,FALSE,从省属重点监管企业名录页提取
E-HI-0005,海南,HI,L1,,海南省农垦投资控股集团有限公司,农垦集团,supervised,省国资委监管企业,海南国资委,https://gzw.hainan.gov.cn,LIST-A,2026-04-04,,农业,FALSE,full_list,0.9,1,FALSE,从省属重点监管企业名录页提取
E-HI-0006,海南,HI,L1,,海南省发展控股有限公司,发展控股,supervised,省国资委监管企业,海南国资委,https://gzw.hainan.gov.cn,LIST-A,2026-04-04,,综合,FALSE,full_list,0.9,1,FALSE,从省属重点监管企业名录页提取
E-HI-0007,海南,HI,L1,,海南省工程咨询设计集团有限公司,工程咨询设计,supervised,省国资委监管企业,海南国资委,https://gzw.hainan.gov.cn,LIST-A,2026-04-04,,建筑,FALSE,full_list,0.9,1,FALSE,从省属重点监管企业名录页提取
E-HI-0008,海南,HI,L1,,海南省旅游投资集团有限公司,旅投集团,supervised,省国资委监管企业,海南国资委,https://gzw.hainan.gov.cn,LIST-A,2026-04-04,,旅游,FALSE,full_list,0.9,1,FALSE,从省属重点监管企业名录页提取
E-HI-0009,海南,HI,L1,,海南省水利水务发展集团有限公司,水利水务集团,supervised,省国资委监管企业,海南国资委,https://gzw.hainan.gov.cn,LIST-A,2026-04-04,,公用事业,FALSE,full_list,0.9,1,FALSE,从省属重点监管企业名录页提取
E-CQ-0001,重庆,CQ,L1,,庆铃汽车（集团）有限公司,庆铃汽车,supervised,省国资委监管企业,重庆国资委,http://gzw.cq.gov.cn,LIST-B,2026-04-04,,汽车,FALSE,partial_identified,0.8,2,TRUE,从国企简介专栏提取（第1页，可能不完整）
E-CQ-0002,重庆,CQ,L1,,民生实业（集团）有限公司,民生实业,supervised,省国资委监管企业,重庆国资委,http://gzw.cq.gov.cn,LIST-B,2026-04-04,,综合,FALSE,partial_identified,0.8,2,TRUE,从国企简介专栏提取（第1页，可能不完整）
E-CQ-0003,重庆,CQ,L1,,西南证券股份有限公司,西南证券,supervised,省国资委监管企业,重庆国资委,http://gzw.cq.gov.cn,LIST-B,2026-04-04,,金融,TRUE,partial_identified,0.8,2,TRUE,从国企简介专栏提取（第1页，可能不完整）
E-CQ-0004,重庆,CQ,L1,,重庆三峡银行股份有限公司,三峡银行,supervised,省国资委监管企业,重庆国资委,http://gzw.cq.gov.cn,LIST-B,2026-04-04,,金融,TRUE,partial_identified,0.8,2,TRUE,从国企简介专栏提取（第1页，可能不完整）
E-CQ-0005,重庆,CQ,L1,,重庆交通开投集团有限公司,交通开投,supervised,省国资委监管企业,重庆国资委,http://gzw.cq.gov.cn,LIST-B,2026-04-04,,交通,FALSE,partial_identified,0.8,2,TRUE,从国企简介专栏提取（第1页，可能不完整）
E-CQ-0006,重庆,CQ,L1,,重庆农村商业银行股份有限公司,重庆农商行,supervised,省国资委监管企业,重庆国资委,http://gzw.cq.gov.cn,LIST-B,2026-04-04,,金融,TRUE,partial_identified,0.8,2,TRUE,从国企简介专栏提取（第1页，可能不完整）
E-CQ-0007,重庆,CQ,L1,,重庆市农业投资集团有限公司,农投集团,supervised,省国资委监管企业,重庆国资委,http://gzw.cq.gov.cn,LIST-B,2026-04-04,,农业,FALSE,partial_identified,0.8,2,TRUE,从国企简介专栏提取（第1页，可能不完整）
E-CQ-0008,重庆,CQ,L1,,重庆文化旅游集团有限公司,文旅集团,supervised,省国资委监管企业,重庆国资委,http://gzw.cq.gov.cn,LIST-B,2026-04-04,,文化,FALSE,partial_identified,0.8,2,TRUE,从国企简介专栏提取（第1页，可能不完整）
E-CQ-0009,重庆,CQ,L1,,重庆新华出版集团有限公司,新华出版集团,supervised,省国资委监管企业,重庆国资委,http://gzw.cq.gov.cn,LIST-B,2026-04-04,,文化,FALSE,partial_identified,0.8,2,TRUE,从国企简介专栏提取（第1页，可能不完整）
E-CQ-0010,重庆,CQ,L1,,重庆机场集团有限公司,机场集团,supervised,省国资委监管企业,重庆国资委,http://gzw.cq.gov.cn,LIST-B,2026-04-04,,交通,FALSE,partial_identified,0.8,2,TRUE,从国企简介专栏提取（第1页，可能不完整）
E-CQ-0011,重庆,CQ,L1,,重庆物流集团有限公司,物流集团,supervised,省国资委监管企业,重庆国资委,http://gzw.cq.gov.cn,LIST-B,2026-04-04,,商贸,FALSE,partial_identified,0.8,2,TRUE,从国企简介专栏提取（第1页，可能不完整）
E-CQ-0012,重庆,CQ,L1,,重庆联合产权交易所集团股份有限公司,联交所集团,supervised,省国资委监管企业,重庆国资委,http://gzw.cq.gov.cn,LIST-B,2026-04-04,,服务,FALSE,partial_identified,0.8,2,TRUE,从国企简介专栏提取（第1页，可能不完整）
E-CQ-0013,重庆,CQ,L1,,重庆设计集团有限公司,设计集团,supervised,省国资委监管企业,重庆国资委,http://gzw.cq.gov.cn,LIST-B,2026-04-04,,建筑,FALSE,partial_identified,0.8,2,TRUE,从国企简介专栏提取（第1页，可能不完整）
E-CQ-0014,重庆,CQ,L1,,重庆银行股份有限公司,重庆银行,supervised,省国资委监管企业,重庆国资委,http://gzw.cq.gov.cn,LIST-B,2026-04-04,,金融,TRUE,partial_identified,0.8,2,TRUE,从国企简介专栏提取（第1页，可能不完整）
E-CQ-0015,重庆,CQ,L1,,重庆高新开发建设投资集团有限公司,高新投资,supervised,省国资委监管企业,重庆国资委,http://gzw.cq.gov.cn,LIST-B,2026-04-04,,投资,FALSE,partial_identified,0.8,2,TRUE,从国企简介专栏提取（第1页，可能不完整）
E-SC-0001,四川,SC,L1,,四川省机场集团有限公司,省机场集团,identifiable,公开可识别省属企业(从媒体观察栏识别),四川省国资委,http://gzw.sc.gov.cn/,NEWS,2026-04-02,,交通,FALSE,partial_identified,0.50,3,TRUE,四川省国资委网站无独立名单页；从国资品牌/新闻间接识别
E-GZ-0001,贵州,GZ,L1,,中国贵州茅台酒厂（集团）有限责任公司,茅台集团,identifiable,公开可识别省属企业(从新闻/招聘识别),贵州国资委,http://gzw.guizhou.gov.cn,NEWS,2026-04-04,,食品,FALSE,partial_identified,0.55,3,TRUE,从企业之窗和新闻间接识别
E-GZ-0002,贵州,GZ,L1,,贵州大数据产业发展集团有限公司,贵州大数据,identifiable,公开可识别省属企业(从新闻/招聘识别),贵州国资委,http://gzw.guizhou.gov.cn,NEWS,2026-04-04,,科技,FALSE,partial_identified,0.55,3,TRUE,从企业之窗和新闻间接识别
E-GZ-0003,贵州,GZ,L1,,贵州旅游投资控股（集团）有限责任公司,贵旅集团,identifiable,公开可识别省属企业(从新闻/招聘识别),贵州国资委,http://gzw.guizhou.gov.cn,NEWS,2026-04-04,,旅游,FALSE,partial_identified,0.55,3,TRUE,从企业之窗和新闻间接识别
E-GZ-0004,贵州,GZ,L1,,贵州省水利投资（集团）有限责任公司,贵州水投,identifiable,公开可识别省属企业(从新闻/招聘识别),贵州国资委,http://gzw.guizhou.gov.cn,NEWS,2026-04-04,,公用事业,FALSE,partial_identified,0.55,3,TRUE,从企业之窗和新闻间接识别
E-GZ-0005,贵州,GZ,L1,,贵州省港航集团有限公司,贵州港航,identifiable,公开可识别省属企业(从新闻/招聘识别),贵州国资委,http://gzw.guizhou.gov.cn,NEWS,2026-04-04,,交通,FALSE,partial_identified,0.55,3,TRUE,从企业之窗和新闻间接识别
E-GZ-0006,贵州,GZ,L1,,贵州磷化（集团）有限责任公司,贵州磷化,identifiable,公开可识别省属企业(从新闻/招聘识别),贵州国资委,http://gzw.guizhou.gov.cn,NEWS,2026-04-04,,化工,FALSE,partial_identified,0.55,3,TRUE,从企业之窗和新闻间接识别
E-GZ-0007,贵州,GZ,L1,,贵州能源集团有限公司,贵州能源,identifiable,公开可识别省属企业(从新闻/招聘识别),贵州国资委,http://gzw.guizhou.gov.cn,NEWS,2026-04-04,,能源,FALSE,partial_identified,0.55,3,TRUE,从企业之窗和新闻间接识别
E-GZ-0008,贵州,GZ,L1,,贵州高速公路集团有限公司,贵州高速,identifiable,公开可识别省属企业(从新闻/招聘识别),贵州国资委,http://gzw.guizhou.gov.cn,NEWS,2026-04-04,,交通,FALSE,partial_identified,0.55,3,TRUE,从企业之窗和新闻间接识别
E-YN-0001,云南,YN,L1,,云南康旅控股集团有限公司,康旅集团,identifiable,公开可识别省属企业(从新闻识别),云南国资委,https://gzw.yn.gov.cn,NEWS,2026-04-04,,旅游,FALSE,partial_identified,0.55,3,TRUE,从省属企业新闻栏目间接识别
E-YN-0002,云南,YN,L1,,云南省建设投资控股集团有限公司,云南建投集团,identifiable,公开可识别省属企业(从新闻识别),云南国资委,https://gzw.yn.gov.cn,NEWS,2026-04-04,,建筑,FALSE,partial_identified,0.55,3,TRUE,从省属企业新闻栏目间接识别
E-YN-0003,云南,YN,L1,,云南省机场集团有限责任公司,云南机场集团,identifiable,公开可识别省属企业(从新闻识别),云南国资委,https://gzw.yn.gov.cn,NEWS,2026-04-04,,交通,FALSE,partial_identified,0.55,3,TRUE,从省属企业新闻栏目间接识别
E-YN-0004,云南,YN,L1,,云南省能源投资集团有限公司,能投集团,identifiable,公开可识别省属企业(从新闻识别),云南国资委,https://gzw.yn.gov.cn,NEWS,2026-04-04,,能源,FALSE,partial_identified,0.55,3,TRUE,从省属企业新闻栏目间接识别
E-YN-0005,云南,YN,L1,,云南省贵金属集团有限公司,贵金属集团,identifiable,公开可识别省属企业(从新闻识别),云南国资委,https://gzw.yn.gov.cn,NEWS,2026-04-04,,冶金,FALSE,partial_identified,0.55,3,TRUE,从省属企业新闻栏目间接识别
E-YN-0006,云南,YN,L1,,云南航空产业投资集团有限责任公司,航空产业投资,identifiable,公开可识别省属企业(从新闻识别),云南国资委,https://gzw.yn.gov.cn,NEWS,2026-04-04,,交通,FALSE,partial_identified,0.55,3,TRUE,从省属企业新闻栏目间接识别
E-YN-0007,云南,YN,L1,,云南锡业集团（控股）有限责任公司,云锡集团,identifiable,公开可识别省属企业(从新闻识别),云南国资委,https://gzw.yn.gov.cn,NEWS,2026-04-04,,冶金,FALSE,partial_identified,0.55,3,TRUE,从省属企业新闻栏目间接识别
E-SN-0001,陕西,SN,L1,,中陕核工业集团有限公司,中陕核,identifiable,公开可识别省属企业(从国企之窗识别),陕西国资委,http://sxgz.shaanxi.gov.cn,NEWS,2026-04-04,,能源,FALSE,full_list,0.8,2,TRUE,从国企之窗企业动态栏目识别
E-SN-0002,陕西,SN,L1,,延长石油（集团）有限责任公司,延长石油,identifiable,公开可识别省属企业(从国企之窗识别),陕西国资委,http://sxgz.shaanxi.gov.cn,NEWS,2026-04-04,,能源,FALSE,full_list,0.8,2,TRUE,从国企之窗企业动态栏目识别
E-SN-0003,陕西,SN,L1,,法士特集团有限责任公司,法士特集团,identifiable,公开可识别省属企业(从国企之窗识别),陕西国资委,http://sxgz.shaanxi.gov.cn,NEWS,2026-04-04,,汽车,FALSE,full_list,0.8,2,TRUE,从国企之窗企业动态栏目识别
E-SN-0004,陕西,SN,L1,,秦川机床工具集团股份公司,秦川集团,identifiable,公开可识别省属企业(从国企之窗识别),陕西国资委,http://sxgz.shaanxi.gov.cn,NEWS,2026-04-04,,制造,FALSE,full_list,0.8,2,TRUE,从国企之窗企业动态栏目识别
E-SN-0005,陕西,SN,L1,,西部机场集团有限公司,西部机场,identifiable,公开可识别省属企业(从国企之窗识别),陕西国资委,http://sxgz.shaanxi.gov.cn,NEWS,2026-04-04,,交通,FALSE,full_list,0.8,2,TRUE,从国企之窗企业动态栏目识别
E-SN-0006,陕西,SN,L1,,陕西交通控股集团有限公司,陕西交控,identifiable,公开可识别省属企业(从国企之窗识别),陕西国资委,http://sxgz.shaanxi.gov.cn,NEWS,2026-04-04,,交通,FALSE,full_list,0.8,2,TRUE,从国企之窗企业动态栏目识别
E-SN-0007,陕西,SN,L1,,陕西农业发展集团有限公司,陕西农发集团,identifiable,公开可识别省属企业(从国企之窗识别),陕西国资委,http://sxgz.shaanxi.gov.cn,NEWS,2026-04-04,,农业,FALSE,full_list,0.8,2,TRUE,从国企之窗企业动态栏目识别
E-SN-0008,陕西,SN,L1,,陕西地矿集团有限公司,陕西地矿,identifiable,公开可识别省属企业(从国企之窗识别),陕西国资委,http://sxgz.shaanxi.gov.cn,NEWS,2026-04-04,,矿业,FALSE,full_list,0.8,2,TRUE,从国企之窗企业动态栏目识别
E-SN-0009,陕西,SN,L1,,陕西建工控股集团有限公司,陕建控股,identifiable,公开可识别省属企业(从国企之窗识别),陕西国资委,http://sxgz.shaanxi.gov.cn,NEWS,2026-04-04,,建筑,FALSE,full_list,0.8,2,TRUE,从国企之窗企业动态栏目识别
E-SN-0010,陕西,SN,L1,,陕西投资集团有限公司,陕投集团,identifiable,公开可识别省属企业(从国企之窗识别),陕西国资委,http://sxgz.shaanxi.gov.cn,NEWS,2026-04-04,,投资,FALSE,full_list,0.8,2,TRUE,从国企之窗企业动态栏目识别
E-SN-0011,陕西,SN,L1,,陕西数字经济集团有限公司,陕数集团,identifiable,公开可识别省属企业(从国企之窗识别),陕西国资委,http://sxgz.shaanxi.gov.cn,NEWS,2026-04-04,,数据,FALSE,full_list,0.8,2,TRUE,从国企之窗企业动态栏目识别
E-SN-0012,陕西,SN,L1,,陕西旅游集团有限公司,陕旅集团,identifiable,公开可识别省属企业(从国企之窗识别),陕西国资委,http://sxgz.shaanxi.gov.cn,NEWS,2026-04-04,,旅游,FALSE,full_list,0.8,2,TRUE,从国企之窗企业动态栏目识别
E-SN-0013,陕西,SN,L1,,陕西有色金属控股集团有限责任公司,陕西有色金属集团,identifiable,公开可识别省属企业(从国企之窗识别),陕西国资委,http://sxgz.shaanxi.gov.cn,NEWS,2026-04-04,,冶金,FALSE,full_list,0.8,2,TRUE,从国企之窗企业动态栏目识别
E-SN-0014,陕西,SN,L1,,陕西水务发展集团有限公司,陕西水务发展集团,identifiable,公开可识别省属企业(从国企之窗识别),陕西国资委,http://sxgz.shaanxi.gov.cn,NEWS,2026-04-04,,水利,FALSE,full_list,0.8,2,TRUE,从国企之窗企业动态栏目识别
E-SN-0015,陕西,SN,L1,,陕西汽车控股集团有限公司,陕汽控股,identifiable,公开可识别省属企业(从国企之窗识别),陕西国资委,http://sxgz.shaanxi.gov.cn,NEWS,2026-04-04,,汽车,FALSE,full_list,0.8,2,TRUE,从国企之窗企业动态栏目识别
E-SN-0016,陕西,SN,L1,,陕西煤业化工集团有限责任公司,陕煤集团,identifiable,公开可识别省属企业(从国企之窗识别),陕西国资委,http://sxgz.shaanxi.gov.cn,NEWS,2026-04-04,,矿业,FALSE,full_list,0.8,2,TRUE,从国企之窗企业动态栏目识别
E-SN-0017,陕西,SN,L1,,陕西环保集团有限责任公司,陕西环保集团,identifiable,公开可识别省属企业(从国企之窗识别),陕西国资委,http://sxgz.shaanxi.gov.cn,NEWS,2026-04-04,,环保,FALSE,full_list,0.8,2,TRUE,从国企之窗企业动态栏目识别
E-SN-0018,陕西,SN,L1,,陕西电子信息集团有限公司,陕西电子,identifiable,公开可识别省属企业(从国企之窗识别),陕西国资委,http://sxgz.shaanxi.gov.cn,NEWS,2026-04-04,,电子,FALSE,full_list,0.8,2,TRUE,从国企之窗企业动态栏目识别
E-NX-0001,宁夏,NX,L1,,宁夏交通建设投资集团有限公司,交建投集团,supervised,省国资委监管企业,宁夏国资委,http://gzw.nx.gov.cn,LIST-A,2026-04-04,,交通,FALSE,full_list,0.9,1,FALSE,从企业名录/区属企业专栏提取
E-NX-0002,宁夏,NX,L1,,宁夏农垦集团公司,农垦集团,supervised,省国资委监管企业,宁夏国资委,http://gzw.nx.gov.cn,LIST-A,2026-04-04,,农业,FALSE,full_list,0.9,1,FALSE,从企业名录/区属企业专栏提取
E-NX-0003,宁夏,NX,L1,,宁夏国有资产投资控股集团公司,国投控股集团,supervised,省国资委监管企业,宁夏国资委,http://gzw.nx.gov.cn,LIST-A,2026-04-04,,投资,FALSE,full_list,0.9,1,FALSE,从企业名录/区属企业专栏提取
E-NX-0004,宁夏,NX,L1,,宁夏国有资本运营集团公司,国资运营集团,supervised,省国资委监管企业,宁夏国资委,http://gzw.nx.gov.cn,LIST-A,2026-04-04,,投资,FALSE,full_list,0.9,1,FALSE,从企业名录/区属企业专栏提取
E-NX-0005,宁夏,NX,L1,,宁夏旅游投资集团公司,旅投集团,supervised,省国资委监管企业,宁夏国资委,http://gzw.nx.gov.cn,LIST-A,2026-04-04,,旅游,FALSE,full_list,0.9,1,FALSE,从企业名录/区属企业专栏提取
E-NX-0006,宁夏,NX,L1,,数字宁夏建设运营有限责任公司,数字宁夏,supervised,省国资委监管企业,宁夏国资委,http://gzw.nx.gov.cn,LIST-A,2026-04-04,,科技,FALSE,full_list,0.9,1,FALSE,从企业名录/区属企业专栏提取
E-XJ-0001,新疆,XJ,L1,,数字新疆产业投资（集团）有限公司,数字新疆,supervised,省国资委监管企业,新疆国资委,http://gzw.xinjiang.gov.cn,LIST-A,2026-04-04,,科技,FALSE,full_list,0.9,1,FALSE,从监管企业专栏提取
E-XJ-0002,新疆,XJ,L1,,新疆中泰（集团）有限责任公司,中泰集团,supervised,省国资委监管企业,新疆国资委,http://gzw.xinjiang.gov.cn,LIST-A,2026-04-04,,化工,FALSE,full_list,0.9,1,FALSE,从监管企业专栏提取
E-XJ-0003,新疆,XJ,L1,,新疆亚新煤层气投资开发（集团）有限责任公司,亚新煤层气,supervised,省国资委监管企业,新疆国资委,http://gzw.xinjiang.gov.cn,LIST-A,2026-04-04,,能源,FALSE,full_list,0.9,1,FALSE,从监管企业专栏提取
E-XJ-0004,新疆,XJ,L1,,新疆交通投资（集团）有限责任公司,交投集团,supervised,省国资委监管企业,新疆国资委,http://gzw.xinjiang.gov.cn,LIST-A,2026-04-04,,交通,FALSE,full_list,0.9,1,FALSE,从监管企业专栏提取
E-XJ-0005,新疆,XJ,L1,,新疆人才发展集团有限责任公司,人才发展集团,supervised,省国资委监管企业,新疆国资委,http://gzw.xinjiang.gov.cn,LIST-A,2026-04-04,,服务,FALSE,full_list,0.9,1,FALSE,从监管企业专栏提取
E-XJ-0006,新疆,XJ,L1,,新疆农牧业投资（集团）有限责任公司,农牧业投资,supervised,省国资委监管企业,新疆国资委,http://gzw.xinjiang.gov.cn,LIST-A,2026-04-04,,农业,FALSE,full_list,0.9,1,FALSE,从监管企业专栏提取
E-XJ-0007,新疆,XJ,L1,,新疆商贸物流（集团）有限公司,商贸物流,supervised,省国资委监管企业,新疆国资委,http://gzw.xinjiang.gov.cn,LIST-A,2026-04-04,,商贸,FALSE,full_list,0.9,1,FALSE,从监管企业专栏提取
E-XJ-0008,新疆,XJ,L1,,新疆地矿投资（集团）有限责任公司,地矿投资,supervised,省国资委监管企业,新疆国资委,http://gzw.xinjiang.gov.cn,LIST-A,2026-04-04,,矿业,FALSE,full_list,0.9,1,FALSE,从监管企业专栏提取
E-XJ-0009,新疆,XJ,L1,,新疆投资发展（集团）有限责任公司,投资发展集团,supervised,省国资委监管企业,新疆国资委,http://gzw.xinjiang.gov.cn,LIST-A,2026-04-04,,投资,FALSE,full_list,0.9,1,FALSE,从监管企业专栏提取
E-XJ-0010,新疆,XJ,L1,,新疆教育出版社有限责任公司,教育出版社,supervised,省国资委监管企业,新疆国资委,http://gzw.xinjiang.gov.cn,LIST-A,2026-04-04,,文化,FALSE,full_list,0.9,1,FALSE,从监管企业专栏提取
E-XJ-0011,新疆,XJ,L1,,新疆文化旅游投资集团有限公司,文旅投资,supervised,省国资委监管企业,新疆国资委,http://gzw.xinjiang.gov.cn,LIST-A,2026-04-04,,文化,FALSE,full_list,0.9,1,FALSE,从监管企业专栏提取
E-XJ-0012,新疆,XJ,L1,,新疆新业国有资产经营（集团）有限责任公司,新业集团,supervised,省国资委监管企业,新疆国资委,http://gzw.xinjiang.gov.cn,LIST-A,2026-04-04,,综合,FALSE,full_list,0.9,1,FALSE,从监管企业专栏提取
E-XJ-0013,新疆,XJ,L1,,新疆有色金属工业（集团）有限责任公司,有色集团,supervised,省国资委监管企业,新疆国资委,http://gzw.xinjiang.gov.cn,LIST-A,2026-04-04,,冶金,FALSE,full_list,0.9,1,FALSE,从监管企业专栏提取
E-XJ-0014,新疆,XJ,L1,,新疆机场（集团）有限责任公司,机场集团,supervised,省国资委监管企业,新疆国资委,http://gzw.xinjiang.gov.cn,LIST-A,2026-04-04,,交通,FALSE,full_list,0.9,1,FALSE,从监管企业专栏提取
E-XJ-0015,新疆,XJ,L1,,新疆水利发展投资（集团）有限公司,水利发展投资,supervised,省国资委监管企业,新疆国资委,http://gzw.xinjiang.gov.cn,LIST-A,2026-04-04,,公用事业,FALSE,full_list,0.9,1,FALSE,从监管企业专栏提取
E-XJ-0016,新疆,XJ,L1,,新疆能源（集团）有限责任公司,能源集团,supervised,省国资委监管企业,新疆国资委,http://gzw.xinjiang.gov.cn,LIST-A,2026-04-04,,能源,FALSE,full_list,0.9,1,FALSE,从监管企业专栏提取
E-XJ-0017,新疆,XJ,L1,,新疆金融投资（集团）有限责任公司,金融投资集团,supervised,省国资委监管企业,新疆国资委,http://gzw.xinjiang.gov.cn,LIST-A,2026-04-04,,金融,TRUE,full_list,0.9,1,FALSE,从监管企业专栏提取
E-BT-0001,新疆兵团,BT,L1,,中新建物流集团有限责任公司,中新建物流集团,identifiable,公开可识别兵团企业(从新闻识别),新疆兵团国资委,http://gyzc.xjbt.gov.cn,NEWS,2026-04-04,,物流,FALSE,partial_identified,0.6,3,TRUE,从新疆兵团国资委新闻识别
E-BT-0002,新疆兵团,BT,L1,,中新建电力集团有限公司,中新建电力集团,identifiable,公开可识别兵团企业(从新闻识别),新疆兵团国资委,http://gyzc.xjbt.gov.cn,NEWS,2026-04-04,,能源,FALSE,partial_identified,0.6,3,TRUE,从新疆兵团国资委新闻识别
E-BT-0003,新疆兵团,BT,L1,,新疆中新建数字发展有限责任公司,中新建数字发展,identifiable,公开可识别兵团企业(从新闻识别),新疆兵团国资委,http://gyzc.xjbt.gov.cn,NEWS,2026-04-04,,数据,FALSE,partial_identified,0.6,3,TRUE,从新疆兵团国资委新闻识别
E-BT-0004,新疆兵团,BT,L1,,新疆兵投供应链管理有限责任公司,兵投供应链,identifiable,公开可识别兵团企业(从新闻识别),新疆兵团国资委,http://gyzc.xjbt.gov.cn,NEWS,2026-04-04,,物流,FALSE,partial_identified,0.6,3,TRUE,从新疆兵团国资委新闻识别
E-BT-0005,新疆兵团,BT,L1,,新疆兵投检验检测有限责任公司,兵投检验检测,identifiable,公开可识别兵团企业(从新闻识别),新疆兵团国资委,http://gyzc.xjbt.gov.cn,NEWS,2026-04-04,,服务,FALSE,partial_identified,0.6,3,TRUE,从新疆兵团国资委新闻识别
E-BT-0006,新疆兵团,BT,L1,,新疆昆仑纺织服装有限责任公司,昆仑纺织,identifiable,公开可识别兵团企业(从新闻识别),新疆兵团国资委,http://gyzc.xjbt.gov.cn,NEWS,2026-04-04,,轻工,FALSE,partial_identified,0.6,3,TRUE,从新疆兵团国资委新闻识别
